id,keyword,user,user_name,text,created_at,likes,retweets,replies,source
2026031413728846266,#cancel,RsaTeddyboy,Teddyboy rsa,"Teddyboy accusé d'abus se*uel sur schneck

La vérité sortira bientôt sur la vérité.
#schneck #teddyboy #cancel https://t.co/akF0lchA8u",Mon Feb 23 20:28:25 +0000 2026,115,10,18,cancellation_search
2018695453118738768,#cancel,GJComley,Gilbert Comley,Calls for #impeachment are like calls to #defund and #cancel - who’s over all this sh$t?,Tue Feb 03 14:37:56 +0000 2026,0,0,0,cancellation_search
2024591601616433198,#cancel,beaniebbl,prof,they’re trying to #cancel prof,Thu Feb 19 21:07:07 +0000 2026,81,1,15,cancellation_search
2029588567362539686,#cancel,RizzleMarizzle,Toten,"@touhou_nigga @geo_ogeo im neurodivergent and a minor
#cancel touhou_fаggоt",Thu Mar 05 16:03:17 +0000 2026,3,0,1,cancellation_search
2017939285438304323,#cancel,thvguukk,sy🚬,can we mass #cancel dino 🤢🤢🤢🍅🍅🍅🍅🍅,Sun Feb 01 12:33:11 +0000 2026,0,0,1,cancellation_search
2022024278842257827,#cancel,shiriusuuu,lyn,wtf This wasnt food #cancel,Thu Feb 12 19:05:30 +0000 2026,1,0,0,cancellation_search
2028613629117862009,#cancel,Eloosiii,الوس,"#cancel this scammer 
#whatnot
#thehobby
#sportscards",Mon Mar 02 23:29:13 +0000 2026,0,0,0,cancellation_search
2018055268337119518,#cancel,UrComedyMinute,Scott Townsend,"Your Comedy Minute: YouTube Live #109 No Call, No Show #Zoom #Meeting #Cancel #NoCall #NoShow #Drinking #Live #YouTube #WebbWilder #funny #laugh #jokes #comedy #humor #story #live #stream #joke #SuperBowl #Instagram #YouTubeLive 
https://t.co/DLNMh51Cyo",Sun Feb 01 20:14:04 +0000 2026,1,0,0,cancellation_search
2020905359762751953,#cancel,btsaxr,Ari,#Cancel this guy bruh he weird,Mon Feb 09 16:59:19 +0000 2026,3,0,1,cancellation_search
2029653065599451260,#cancel,kaisaaagf,kaisa⁷,@7jeonjungkook4m j’ai pas honte de dire que je veux mettre jungkook enceinte #cancel #problematique,Thu Mar 05 20:19:34 +0000 2026,2,0,0,cancellation_search
2017751003408298070,#cancel,Ivangtv,IvanGtv,Crunch fitness is having a lot of cancellations right now #gymmembership #crunchfitness #cancel #foryou https://t.co/NNt4TQAkra,Sun Feb 01 00:05:01 +0000 2026,1,1,1,cancellation_search
2021603282020385128,#cancel,MochiluvBangtan,halalochi⁷🎀they don't know 'bout us,I HATE HERRRR LEAVE ME ALONE JEBALLLL #CANCEL MUS. #MASSUNFOLLOW MUS. MUS IS #PROBLEMATIC.,Wed Feb 11 15:12:36 +0000 2026,3,2,3,cancellation_search
2023571428990193700,#cancel,mayflowers07_,may 🪼,#cancel jizzforjin for being straight AND for being a terrible friend @jizzforjin https://t.co/SADcbOTMmj,Tue Feb 17 01:33:19 +0000 2026,5,1,2,cancellation_search
2022370535334662275,#cancel,PiispaJari,Jari Jolkkonen,Kahdeksas käsky on aina ajankohtainen. #Dekalogi #cancel,Fri Feb 13 18:01:24 +0000 2026,18,1,0,cancellation_search
2025637570198053073,#cancel,petersdarlin,logann ✰,everybody #cancel zemo,Sun Feb 22 18:23:25 +0000 2026,3,3,1,cancellation_search
2019840672828948580,#cancel,BiteMeAgain71,TruthBooth2.0 BackFromTheDead,"These bitches are absolutely insufferable!
 #Cancel #WhiteLiberalWomen

 https://t.co/f5fvPtkCXi",Fri Feb 06 18:28:37 +0000 2026,1,0,0,cancellation_search
2030112462402396320,#cancel,kismetgygy,gygy,hi guys before u all #cancel me my last post was a joke and the call was in fact coming from inside the house,Sat Mar 07 02:45:03 +0000 2026,1,0,0,cancellation_search
2016870363494236381,#cancel,allyluvshisoka,ally ★,il répond pas il me trompe #cancel,Thu Jan 29 13:45:40 +0000 2026,0,0,0,cancellation_search
2023399071537381762,#cancel,heartlalalxnd,sissi ✿,petition to #cancel the people who bullied the author of the sweet bunny fic into deleting it,Mon Feb 16 14:08:26 +0000 2026,2912,302,40,cancellation_search
2024021986989547838,#cancelled,JoshuaR34249660,Josh Creator GALAXY,"Cartoon Fan &amp; Sad Fact: the Best cartoons that I saw &amp; heard are gone, #finished and #Cancelled in the last not long but few years ago, and worst they end with a #cliffhanger . RIP my Best Shows in 2019 &amp; 2024🌌📺🎬🎞️🚫🥺💧🥀 #Cartoons #finalspace #tlkoe #cleopatrainspace #mlpg5 https://t.co/qmw6IQ5O0f",Wed Feb 18 07:23:40 +0000 2026,30,6,1,cancellation_search
2029871947253678280,#cancelled,lupinflowrs,neda 📎 mjm,#cancelled.... smh..,Fri Mar 06 10:49:20 +0000 2026,2,0,0,cancellation_search
2024643794503668152,#cancelled,chuckmall,Chuck Mallory,"Shia LaBeouf you are cancelled. 

#Cancelled #homophobic https://t.co/edRdfs3wXu",Fri Feb 20 00:34:31 +0000 2026,0,0,0,cancellation_search
2027721391395770448,#cancelled,ArbaazTheGreat1,Arbaaz The Great,"#Hulchal at Hyderabad Airport after #AirIndia &amp; Indigo flights #cancelled.

#IsraelUS #IranWar https://t.co/qlChrx1x6w",Sat Feb 28 12:23:47 +0000 2026,0,0,1,cancellation_search
2023123430292234249,#cancelled,funzngamez,s ♡ ↯,oomf stole my idea #cancelled,Sun Feb 15 19:53:08 +0000 2026,4,0,2,cancellation_search
2030299718648222142,#cancelled,gaalikhayegaa,ishan kishan's century in final,@anamustcry #cancelled,Sat Mar 07 15:09:08 +0000 2026,3,0,0,cancellation_search
2026774909754490895,#cancelled,itsjusttai_,tai 🦦,james marriott is forcing his fans to become bald #cancelled https://t.co/uBXAs4eJ1G,Wed Feb 25 21:42:48 +0000 2026,29,0,1,cancellation_search
2026320523160854712,#cancelled,angelpeesyrups,Petulant Clark,my grandmother with dementia forgot shes on stolen land #cancelled #literallyhitler #killher,Tue Feb 24 15:37:14 +0000 2026,23,1,0,cancellation_search
2026017661155508465,#cancelled,friccvicc,vic,"you’re saying woman can’t go in the Cave? honestly thats really messed up, tom. #cancelled",Mon Feb 23 19:33:46 +0000 2026,4,0,1,cancellation_search
2026801204366590213,#cancelled,justquin8_,naya 💟,Etong tapatan expected na yung ult 8 ang makakatanggap ng lashings pero mukhang na reverse card ata at yung mga house challengers pa ang mukhang na #cancelled hahaha pero deserved! 🤭,Wed Feb 25 23:27:17 +0000 2026,11,1,0,cancellation_search
2030300981997510928,#cancelled,masbrini,Mason⁷¹,@mackieful #Cancelled,Sat Mar 07 15:14:09 +0000 2026,3,0,0,cancellation_search
2025641294492586128,#cancelled,crimsoncleradin,Teo ‧˚♪ 𝄞 ᵎ || CEO of #hearthell,all my accounts bc ppl r getting #cancelled …(bylercake is a joint acc) https://t.co/164BpzLQqY,Sun Feb 22 18:38:13 +0000 2026,29,0,2,cancellation_search
2030373291022860661,#cancelled,mirrorballcfc,n ✩,harassing derry who is one day old... #cancelled,Sat Mar 07 20:01:29 +0000 2026,10,0,0,cancellation_search
2029732605256663383,#cancelled,DMVFootballGuy,DMVFootballGuy,@TaylorLewan77 @AlaskaAir Goodbye Alaskan Airlines #cancelled,Fri Mar 06 01:35:38 +0000 2026,4,0,2,cancellation_search
2025223665248326131,#cancelled,wossa_3,gamma function hater,mascot doesn't have a sponsorship #cancelled,Sat Feb 21 14:58:43 +0000 2026,6,0,1,cancellation_search
2028946716460720503,#cancelled,UK_Daniel_Card,mRr3b00t,#cancelled,Tue Mar 03 21:32:47 +0000 2026,41,1,5,cancellation_search
2024271906925432880,#cancelled,adasbf,sl ano paulo do retwt RE9 SPOILERS,followin my #cancelled wifes steps 🥺 https://t.co/wS6BmKQVyG,Wed Feb 18 23:56:46 +0000 2026,5,0,0,cancellation_search
2030048103185928370,#cancelled,PrettyLuvBird,TyeB 💋,#cancelled,Fri Mar 06 22:29:18 +0000 2026,0,0,0,cancellation_search
2023539644990910751,#cancelled,Noahp245,Noah Phalen,Summer of Tauch is officially #cancelled,Mon Feb 16 23:27:01 +0000 2026,1,0,1,cancellation_search
2016383001379352726,#cancellation,SCRailwayIndia,South Central Railway,"📢Cancellation of trains due to operational reasons 
@drmsecunderabad @drmhyb
@drmned 
#Cancellation https://t.co/L0CQ7hd0ln",Wed Jan 28 05:29:04 +0000 2026,21,8,0,cancellation_search
1905664252704440810,#cancellation,moneycontrolcom,Moneycontrol,"#INDIA | Train ticket purchased from counter can be cancelled online: Railway Minister Ashwini Vaishnaw 🚆🎫

Tap for more info⤵️
https://t.co/UKXfp6q6Zk

#TrainTicket #Cancellation #RailwayMinister #AshwiniVaishnaw https://t.co/jSuy1wM44Y",Fri Mar 28 16:52:18 +0000 2025,11,0,0,cancellation_search
2004766015323078943,#cancellation,CNNnews18,News18,"US airlines cancel over 1,000 flights amid Northeast winter storm warnings

https://t.co/CKaNdu6MbR 

#USAirlines #Flights #Cancellation #Winters #SnowStorm #USA",Sat Dec 27 04:07:19 +0000 2025,1,0,0,cancellation_search
2024072216661422175,#cancellation,drmhowrah,DRM Howrah,The following trains will be cancelled in between SHE-DEA in TAK branch section due to Power and Traffic block. #Cancellation #EasternRailway #Howrahdivision . https://t.co/nH8Kj9gh7b,Wed Feb 18 10:43:16 +0000 2026,8,0,1,cancellation_search
1937846096094769594,#cancellation,drmsbc,DRM Bengaluru,"#Cancellation of Train
@SWRRLY Updates https://t.co/A32eLnID3C",Wed Jun 25 12:11:27 +0000 2025,7,2,0,cancellation_search
1998231690691453014,#cancellation,VtvGujarati,VTV Gujarati News and Beyond,"Indigo ફ્લાઇટ સંકટ વિશે તમારું શું કહેવું છે?

#indigo #flight #cancellation https://t.co/bKYMET5yca",Tue Dec 09 03:22:15 +0000 2025,8,0,1,cancellation_search
1964029266871361992,#cancellation,annettefranz,"Annette Franz, CCXP","Breaking Up Is Still Hard to Do (But Shouldn’t Be) - CX Journey™ https://t.co/NvjP0eHNVK Let’s call this what it is: deliberate friction, engineered not to serve customers but to squeeze more dollars out of them on the way out. #customerexperience #memberexperience #cancellation https://t.co/GrQUTtTerW",Fri Sep 05 18:14:01 +0000 2025,1,1,0,cancellation_search
2019480794566389794,#cancellation,crybbycl0wn,☆ 𝓙𝓲𝓷𝔁 ☆,My life since the #cancellation,Thu Feb 05 18:38:36 +0000 2026,8,0,3,cancellation_search
2026992608938184769,#cancellation,News9Tweets,News9,"Good news, flyers! #DGCA updates rules for ticket refund during #cancellation: Check details here

https://t.co/fRbMLEb40N",Thu Feb 26 12:07:52 +0000 2026,0,0,0,cancellation_search
1922675773229695328,#cancellation,Thenationth,Thenationthailand,"The Civil Aviation Authority of Thailand (CAAT) has briefed 106 airlines on updated regulations strengthening passenger rights for flight delays and cancellations. #CAAT #airlines #cancellation #delays #aviation #ThailandNews #TheNation
https://t.co/CoM5Uw8w9P",Wed May 14 15:30:00 +0000 2025,1,0,0,cancellation_search
2008805670003359852,#cancellation,Stagecoach_East,Stagecoach East,"#Fenstanton #BuswayA #Cancellation

Due to a technical issue the Busway A service departing St Ives Marley Road at 07:36 has been cancelled. The next available service to Trumpington P&amp;R departs Marley Road at 07:51. We apologise for any inconvenience caused.",Wed Jan 07 07:39:28 +0000 2026,0,1,0,cancellation_search
1968169477167784202,#cancellation,TamilTheHindu,Tamil The Hindu,"கைலாஷ் யாத்திரை ரத்தான விவகாரம்: முன்பதிவு செய்தவருக்கு ரூ.75 ஆயிரம் இழப்பீடு - நுகர்வோர் நீதிமன்றம் உத்தரவு

| #KailashYatra | #Cancellation | #ConsumerCourt |
https://t.co/xEitxUvyBw",Wed Sep 17 04:25:44 +0000 2025,0,0,0,cancellation_search
1985660861965615135,#cancellation,News18Kannada,News18 Kannada,"Cancel Flight Tickets For FREE Within 48 Hours! | 48 ಗಂಟೆಯೊಳಗೆ ಟಿಕೆಟ್ ಕ್ಯಾನ್ಸಲ್ ಫ್ರೀ; ನಾಗರಿಕ ವಿಮಾನಯಾನ ಮಹಾ ನಿರ್ದೇಶನಾಲಯದಿಂದ ಹೊಸ ನಿಯಮ!
#flightticket #cancellation #airlines #News18Kannada https://t.co/HXUnzNOBDB",Tue Nov 04 10:50:15 +0000 2025,0,0,0,cancellation_search
1922604399534166370,#cancellation,News9Tweets,News9,"Man bashes #IndiGo for charging Rs 8,111 after flight #cancellation; airline responds

https://t.co/SPtElaGMG7",Wed May 14 10:46:23 +0000 2025,1,1,0,cancellation_search
1997585557392888061,#cancellation,drmned,Nanded Division,"#CANCELLATION#

The following TOD Special Trains are cancelled due to operational constraints:
1️⃣ Train No. 07167 (Hyderabad – Hadapsar)
📅 Journey Date: 07-12-2025 (Sunday)
❌ Cancelled
2️⃣ Train No. 07168 (Hadapsar – Hyderabad)
📅 Journey Date: 08-12-2025 (Monday)
❌ Cancelled",Sun Dec 07 08:34:44 +0000 2025,3,0,0,cancellation_search
1992166580214718724,#cancellation,NEWS7Odia,Prameya News7,"ଯାତ୍ରୀମାନେ ଦୟାକରି ଧ୍ୟାନ ଦିଅନ୍ତୁ....ନା ହୋଇପାରିବ ଟିକେଟ୍ ବୁକିଂ ନା ହେବ କ୍ୟାନସଲ https://t.co/PRGhCoRCqx 
#PrameyaNews7 #indianrailways2025 #cancellation #reservations",Sat Nov 22 09:41:40 +0000 2025,1,0,0,cancellation_search
1963965467950711289,#cancellation,annettefranz,"Annette Franz, CCXP","Breaking Up Is Still Hard to Do (But Shouldn’t Be) https://t.co/NvjP0eHNVK Handled poorly, that last impression (#cancellation) becomes a lasting one that damages your #brand. Handled with respect, u create the possibility of return, referral, and goodwill. #customerexperience https://t.co/TNYwm39fq8",Fri Sep 05 14:00:30 +0000 2025,0,0,0,cancellation_search
1996837064529285155,#cancellation,ZeeBusiness,Zee Business,"IndiGo की उड़ानों पर आज भी बड़ा असर 

रात 12 बजे तक दिल्ली और मुंबई से सारी फ्लाइट्स रद्द 

पिछले 36 घंटे में 1000 से ज्यादा कैंसिलेशन 

क्या है पूरी खबर जानिए @pandeyambarish से 

#IndiGo #Flights #Cancellation #Delhi #Mumbai https://t.co/nEJ4gXaqsQ",Fri Dec 05 07:00:30 +0000 2025,17,2,0,cancellation_search
1997954914316931320,#cancellation,CNBCBajar,CNBC Bajar,"ઈન્ડિગોની ફ્લાઈટ્સના સંકટ વચ્ચે પશ્ચિમ રેલવેનું મોટું પગલું, મુસાફરો માટે શરુ કરી ટ્રેન

#indigoflights #cancellation #train #westernrailways #gujaratinews #passangers https://t.co/cjoUHcnbQ8",Mon Dec 08 09:02:26 +0000 2025,0,0,0,cancellation_search
2030375038235332631,cancelled after,ToonHive,ToonHive,"Pixar reportedly scrapped an original film titled ‘Be Fri’ after three years in development before it was cancelled.

• The film followed two girl best friends going through a platonic breakup.

• One of the girls had a connection to fantastical characters described as “Sailor https://t.co/7XQiuiHRpI",Sat Mar 07 20:08:26 +0000 2026,1072,122,15,cancellation_search
2026668682852946236,cancelled after,leeminoot,lei 🩵 (첫콘),how does glambot dude still have a job after he was rightfully cancelled,Wed Feb 25 14:40:42 +0000 2026,1202,20,10,cancellation_search
2030319468656853175,cancelled after,HelloKiranKhan,Kiran Khan,"✈️ Pakistan Shaheens have finally departed for home. After the ODI series against England Lions was cancelled and flight schedules were disrupted the squad had been stuck in Abu Dhabi. The team has now left for Lahore on an Emirates flight.
#PakistanCricket",Sat Mar 07 16:27:37 +0000 2026,4,0,0,cancellation_search
2028411129916244227,cancelled after,AviationAll_,AviationAll,"@JoachimSaldanha Yes, these got cancelled a few hours after I posted.",Mon Mar 02 10:04:34 +0000 2026,0,0,0,cancellation_search
2028269052599419082,cancelled after,thematrixb0t,matrixbot,Show called “Disjointed” was cancelled soon after this scene was broadcast. https://t.co/XwtBSoAJHf,Mon Mar 02 00:40:00 +0000 2026,8658,1682,63,cancellation_search
2029661276062838823,cancelled after,Chiefhassa10463,Chief Hassan' Draw Lord,"Betting is unfair sometimes, the goal they cancelled before halftime is Scored few mins after Second half kicks off🙌🙌 https://t.co/s3Mqp6a9wL",Thu Mar 05 20:52:12 +0000 2026,15,3,2,cancellation_search
2030353199043895523,cancelled after,vaccoin,CS2 Vaccoin,Who got a Match Cancelled by VacNet Anti-Cheat after detecting irregular gameplay on Counter-Strike 2 ❓ https://t.co/bfCOyeZKsK,Sat Mar 07 18:41:39 +0000 2026,6,1,2,cancellation_search
1879045365741346976,cancelled after,FlagBlack007,BLACK FLAG 💨🏴🇺🇸,👀👂🏾READING RAINBOW CANCELED BECAUSE OF 'NO CHILD LEFT BEHIND. Thoughts 💭 ⁉️ https://t.co/gBHH5s92eR,Tue Jan 14 05:58:20 +0000 2025,1302,439,19,cancellation_search
2030386668386341022,cancelled after,daysmillcr,🌾,You know that other other other show you like? It’s likely canceled because it wasn’t promoted and there’s no news about another season 😭,Sat Mar 07 20:54:39 +0000 2026,0,0,0,cancellation_search
1237812116494704640,cancelled after,jaycgeeofficial,Jaycgee,They canceled the show 😭 WHYD THEY WAIT TIL THE LAST MINUTE??????,Wed Mar 11 18:46:20 +0000 2020,315,3,18,cancellation_search
2028909116953968687,cancelled after,rriverrgrace,jordan ❤️,event canceled tonight when i was actually excited to go https://t.co/8GmDjiUd4F,Tue Mar 03 19:03:23 +0000 2026,1,0,1,cancellation_search
2030000333716341174,cancelled after,LivEchonews,Liverpool Echo,Paddy the Baddy 'stuck' in the Maldives after flights cancelled https://t.co/dkk4Ppj3tz,Fri Mar 06 19:19:29 +0000 2026,1,0,4,cancellation_search
1555600369035579393,cancelled after,knight_fury29,Knight,@GayBoiFart @VoughtIntl Sadly it was cancelled due to poor ratings ☹️,Fri Aug 05 17:03:24 +0000 2022,1145,0,7,cancellation_search
2029139031800660159,cancelled after,therealrukshan,Rukshan Fernando,"Looks like PM Albanese and Labor has been forced to act after one of their election era vote for us ""grants"" was linked to an organisation accused of glorifying terrorism in Australia. A $650,000 grant has now been cancelled citing ""social cohesion"" concerns. Of course all of",Wed Mar 04 10:16:59 +0000 2026,490,147,26,cancellation_search
2029611600705990686,cancelled after,NorgsKnows,Norgs,@USA_Polling The war will last until the day after the mid-term elections are cancelled.,Thu Mar 05 17:34:48 +0000 2026,3,0,1,cancellation_search
2029653798147301420,cancelled after,MoviePlusx,MoviePlus📺,Paramount+ cancelled the Halo series in July 2024 after two seasons. https://t.co/lNzgvh9RYu,Thu Mar 05 20:22:29 +0000 2026,149,8,20,cancellation_search
2029493431970509298,cancelled after,sparksflylwt,esmeralda 🪩 FUTTTURA 2027,It's still surreal that I actually have tini tickets in my account again. last time was before covid which I was extremely lucky with. bc the show the day after mine got cancelled so we ended up being her last show before lockdown https://t.co/RVi3jmHQZT,Thu Mar 05 09:45:15 +0000 2026,4,0,0,cancellation_search
2029354596653506749,cancelled after,basbitsudania,L🇸🇩🌺,@wizzair your website says flights to Saudi will resume from the 8th yet you’ve cancelled my flight that departs after this date? What is actually going on,Thu Mar 05 00:33:34 +0000 2026,10,0,8,cancellation_search
2029682868272910618,cancelled after,RayyanGhani,Rayyan,🚨 Peer Haseeb is in the danger zone of getting cancelled after Mufti Menk.,Thu Mar 05 22:18:00 +0000 2026,8,1,1,cancellation_search
2029488981511970960,facing backlash,BluKreamx,Kream 🦋,"Reggie is facing MAJOR BACKLASH after pressing Damii at the Clover house for walking in without introducing himself, saying he didn’t know who he was 😳👀🤦‍♂️ https://t.co/hbEA40ATmO",Thu Mar 05 09:27:33 +0000 2026,11008,288,427,cancellation_search
2029813640086339646,facing backlash,AfricanUpdated,AfricanNews,Roblox Facing Backlash After 3sum live on the game. https://t.co/4MQ9CirrnJ,Fri Mar 06 06:57:38 +0000 2026,8,1,1,cancellation_search
2025703537783570919,facing backlash,RedLineNewsUSA,Red Line News,"🚨Mexican President Claudia Sheinbaum is facing backlash for repeatedly declining President Trump’s offers to allow U.S. military assistance to take on the cartels.

Her pride is letting Mexico burn 

https://t.co/bG64KbdQP8",Sun Feb 22 22:45:33 +0000 2026,997,221,90,cancellation_search
2030262313530400888,facing backlash,NuclearMAGAlady,MAGA LADY 🇺🇸,"Rapper 50 cent is facing extreme backlash after saying children should NOT be exposed to cartoons with LGBTQ themes.

He said children should be raised in the ""traditional way"" and we should let ""kids be kids.""

Do you agree with him? https://t.co/e8lUKDvk3p",Sat Mar 07 12:40:30 +0000 2026,36,12,12,cancellation_search
2025721918398284224,facing backlash,cx_clips,cxclips_,Kick streamer Jandro is facing backlash after spraying homeless man with foam 💀 https://t.co/u105oCELTF,Sun Feb 22 23:58:36 +0000 2026,573,25,61,cancellation_search
2025578292128960961,facing backlash,RedLineNewsUSA,Red Line News,"Zohran Mamdani is facing backlash after his snow shoveler signup required multiple IDs, photos, and a Social Security card for $19/hour — while most NYC voters don’t need ID to cast a ballot.

https://t.co/WV0eiiXZKD",Sun Feb 22 14:27:52 +0000 2026,1130,174,34,cancellation_search
2026367774579409137,facing backlash,TheView,The View,NEWSOM CRIES ‘FAKE OUTRAGE’ AFTER BIGOTRY CLAIMS: 'The View' co-hosts and Amanda Carpenter weigh in on California Governor Gavin Newsom facing backlash over accusations that he was racially pandering to the audience during a recent event with Atlanta Mayor Andre Dickens. https://t.co/MqA294s8Kt,Tue Feb 24 18:45:00 +0000 2026,103,25,121,cancellation_search
2026466683179651330,facing backlash,RedMedia_us,Red Media,"Ancient failed Rapper 50 Cent has deleted the post he made attempting to mock Tina Knowles after facing backlash from the general public. 

The 50 year old rapper turned online troll is currently scrambling after losing the troll battle to, T.I's son king Harris. https://t.co/ogP5p4E8pf",Wed Feb 25 01:18:01 +0000 2026,1964,195,98,cancellation_search
2025960453826904394,facing backlash,mymixtapez,My Mixtapez,"Boosie tells Mike Epps to stand his ground and not apologize to anyone after facing backlash for joking about homeless people and Nicki Minaj meeting Trump 🗣

‘Bernie Mac wouldn’t have apologized!’

 https://t.co/ibVmz5iBNB",Mon Feb 23 15:46:27 +0000 2026,36086,2635,164,cancellation_search
2025664560825557032,facing backlash,Awk20000,yeet,"Clavicular is facing backlash for jestermaxxing with his water bottle around a worker who was cleaning
 https://t.co/puhLb1tshE",Sun Feb 22 20:10:40 +0000 2026,97,0,29,cancellation_search
2028912700210987066,facing backlash,Kurrco,Kurrco,"Doechii is facing backlash on Threads after saying she dislikes cats and finds them unfriendly 👀

""People act like it’s a crime to dislike cats when they genuinely aren’t friendly animals."" https://t.co/6vRiYYe4bW",Tue Mar 03 19:17:37 +0000 2026,3617,127,580,cancellation_search
2029338101789934060,facing backlash,AmericaPapaBear,AmericanPapaBear™,"Mia Khalifa is facing backlash after posting this video saying that she hopes US soldiers come back with PTSD. 

I think women who get nailed on camera for money have no moral high ground when it comes to ANYTHING. https://t.co/5tVKkGS7Yw",Wed Mar 04 23:28:01 +0000 2026,1403,493,638,cancellation_search
2013845063684542545,facing backlash,17protectt,SEVENTEEN PROTECT,"So this is the most disturbing reason why we have recieved backlash ever. And I know I'd be lying if I say this hasn't affected me professionally and mentally, I really don't see anything wrong with our post whatsoever, this has to be woken up 🧵",Wed Jan 21 05:24:13 +0000 2026,3911,502,41,cancellation_search
2026069048266785239,facing backlash,TonyLaneNV,Tony Lane 🇺🇸,"🚨 HOT MIC MOMENT.

A Hunter College associate professor is facing backlash after her mic allegedly stayed on during a Zoom call, capturing what’s being described as a “racist rant.”

Students say they were shocked.
Officials are now reviewing the situation.

What should happen https://t.co/ZGQUgNHtDk",Mon Feb 23 22:57:58 +0000 2026,425,296,128,cancellation_search
2026886343494873164,facing backlash,FuentesUpdates,Fuentes Updates,"Nick reacts to Tyler Oliveira exposing jewish fraud, and Nick Shirley facing backlash for supporting him.

""When it comes to African Somali Muslims, everything is tolerated... When another guy does the exact same thing to the Jews, 'This is another hоӏоcаսѕt.'"" https://t.co/rGZoT66Yfj",Thu Feb 26 05:05:36 +0000 2026,34319,4736,337,cancellation_search
2025576441841111060,facing backlash,BlessedGirl001,ThatBlessedGirl,"This dragging go reach everybody 😂😂 just wait for your turn.

Whether you drag person or not, e go reach your table.

Whatever backlash Simi is facing, it is well deserved. She brought it on herself.

Before you take any woman seriously, vet her socials, check her past tweet.",Sun Feb 22 14:20:31 +0000 2026,859,174,42,cancellation_search
2026352764973101337,facing backlash,BrandonStraka,Brandon Straka #WalkAway,"Ugandan Mayor Mamdani is facing backlash after staying silent while his own residents harassed and attacked NYPD during the storm.

Ice was thrown, officers could’ve been seriously hurt.

Zohran is wrecking NYC—and people see it.
https://t.co/qjjTWuJWwm",Tue Feb 24 17:45:21 +0000 2026,958,305,43,cancellation_search
1838595963230830933,facing backlash,DramaAlert,DramaAlert,He responded to the backlash today saying he's taking the feedback and addressing privacy concerns. https://t.co/GoVz9x4EbE,Tue Sep 24 15:06:51 +0000 2024,6031,52,54,cancellation_search
2029613985339678951,facing backlash,alphafox,AlphaFox,"Burlington is facing backlash from customers after carrying a toy that ‘twerks’ on demand; 

this is supposed to be a child’s toy, why does it need a gyrating butt??  https://t.co/VRgv14dWAL",Thu Mar 05 17:44:17 +0000 2026,106,15,25,cancellation_search
2029091212624269312,called out for,MindOfHeadking,Headking's Mindset 🧠,Hœs crashing out for being called hœs. 😂 https://t.co/jgjOsegs0j,Wed Mar 04 07:06:58 +0000 2026,3154,329,346,cancellation_search
2030338634109390854,called out for,KillaKreww,Killa 🌺,"Mr. Beast stranded a guy with 5 of his ex-girlfriends for 30 days to try and win $250K in his new video and he instantly ELIMINATED his ex who called him out for cheating on her💀😭
 https://t.co/gWVllLwNZd",Sat Mar 07 17:43:46 +0000 2026,5187,208,109,cancellation_search
2029243859205587100,called out for,99Majik,99 Majik,"In 2016 when Mr. Eazi blew up, he heard my music and proposed flying me out to write for him. He once told me to send the files for one of my songs but that same day, my laptop crashed and I was broke AF. I called him when it got fixed but he sounded pissed and hung up on me",Wed Mar 04 17:13:32 +0000 2026,1928,97,28,cancellation_search
2030339486249546085,called out for,AKS_cool9,AKS GL,"Bill Maher: “NEW RULE: Someone has to help Donald Trump understand that I don’t suffer from Trump Derangement Syndrome. He suffers from Bill Maher Derangement Syndrome.” 

“Some people do have TDS. But you know what? I’ve called people out for making hating you their entire https://t.co/6XKDuu0nAs",Sat Mar 07 17:47:10 +0000 2026,2,2,0,cancellation_search
2030219157082395065,called out for,ClownWorld,Clown World ™ 🤡,Employee gets called out for taking the full lunch break instead of rushing back to work. https://t.co/7K0PnnHwxA,Sat Mar 07 09:49:01 +0000 2026,2694,212,1106,cancellation_search
2029971838168703404,called out for,olejpf,#Johnny Paul 💎,"I just called my 1st ex-wife who is from Durango, Mexico and I cussed her out for what her people did to the Alamo back in 1836. #Johnny on one day a year I sever all ties with the Mexicans https://t.co/26XI6JFiU6",Fri Mar 06 17:26:15 +0000 2026,5,0,1,cancellation_search
2030392660767215799,called out for,got_cake,The Cake Lady,"We have been eating rice for more than one day or left out all day for centuries, yet we’re supposed to believe something called ""reheated rice syndrome” is going to harm us? lol 
Maybe unseasoned gmo rice, but not my good pot!

Medical racism strikes again. This is biased. https://t.co/QYo4d29FA6",Sat Mar 07 21:18:27 +0000 2026,3,1,0,cancellation_search
2029721410973597744,called out for,sukii_hana,SB ❤️,yo i been at my job for 5 months now and i haven't called out yet🥳🤣,Fri Mar 06 00:51:09 +0000 2026,266,4,3,cancellation_search
2029016340543967533,called out for,FearedBuck,FearBuck,"Animal abuser Aspen Kartier disses Adin Ross, Wendy Ortiz, and Summayah in a new diss song after they called her out for abusing her pet. https://t.co/tBShzsMyhi",Wed Mar 04 02:09:27 +0000 2026,4187,103,235,cancellation_search
2028211614793814405,called out for,ilySalt,Salt 💫,"Lacy completely went off on Anthony Fantano after he called him out for his reaction to ‘All I Need’ by Radiohead 👀😭

“F*CK FANTANO, F*CK RADIOHEAD, I LISTEN TO FEIN” https://t.co/SZ1YJyStra",Sun Mar 01 20:51:45 +0000 2026,449,9,37,cancellation_search
2027427315194487280,called out for,ElizaMonarch,Elizabeth Monarch,"I might have a ""pancake booty"" like someone called out on my recent post, but I believe in working on it in the gym. Some may like BBLs/surgery, but it just isn't for me honestly 🤷‍♀️ If you don't like a booty, keep scrolling and maybe go enjoy some pancakes 😉 https://t.co/M8O6QIDUYb",Fri Feb 27 16:55:14 +0000 2026,3381,70,187,cancellation_search
2030064570417500480,called out for,wtshwcoconut,coconut,called out someone for being mean and they acted mean again https://t.co/F45wmLBLTg,Fri Mar 06 23:34:45 +0000 2026,4,0,1,cancellation_search
2030047476728668463,called out for,kyunpii,MiO🍀,"one of the artists mentioned in this thread has apparently confronted them about it in January, it’s not the first time they’ve gotten called out for it https://t.co/9YffXbYms2",Fri Mar 06 22:26:49 +0000 2026,1221,45,0,cancellation_search
2029307273949196690,called out for,ih8bostonn,lucy is seeing 5sos! ★,“they were young and it was soo long ago!!” it actually WASN’T that long ago and at the time they were fully grown adults. they need to be called out for being racist and you shouldn’t be trying to excuse it as a non-black fan.,Wed Mar 04 21:25:31 +0000 2026,62,12,1,cancellation_search
2030395812258189595,called out for,BrittanyinTexas,💕 Brittany Belle 💕,"75 million of us voted for her because we knew Trump would burn the world down to save himself. 

They called us dramatic. Turns out we were prophets. 🔥 https://t.co/t3XW5o0nVS",Sat Mar 07 21:30:59 +0000 2026,13,8,0,cancellation_search
2028617062550319168,called out for,colethc,naya 🪐,"dahil bored pa ako, eto mga example ng pag-call out (pang-dogshow) sa inistan/jowa ng inistan mo, sana may matutuhan k... ☺️☺️☺️ @fordkaive 

https://t.co/KrIdba9hFm

https://t.co/P5byUfsGiA

https://t.co/gUFne2z3ss

https://t.co/SLBejrqBM9",Mon Mar 02 23:42:52 +0000 2026,4,1,1,cancellation_search
2028689574973907091,called out for,chocoapaw,૮꒰◞ ˕ ◟ ྀི꒱ა,@Nomiekz i keep seeing people making callout threads on these accounts but providing the full username with screenshots of the links that lead straight to CP. Making a callout thread for one account doesn’t do anything but put you at risk of being raided by FBI for disputation of CSAM,Tue Mar 03 04:31:00 +0000 2026,2,0,0,cancellation_search
2013011118571004254,called out for,Seraphinechu,⑅ ౨ৎ⟡˖ ࣪ . . Noelle ! ! ＾＾,I lowk think it’s so stupid to make a ‘call out’ for nothing serious.. just trying to get interactions atp,Sun Jan 18 22:10:25 +0000 2026,799,73,20,cancellation_search
2023275242978676769,called out for,rayderweich,Rayderweich,"INSANE that the person posting this callout  just got a callout post on THEM for grooming 
Incredible 
Ridiculous behavior truly",Mon Feb 16 05:56:23 +0000 2026,398,16,10,cancellation_search
2030349573319774394,under fire for,SARugbymag,SA Rugby magazine,Did France loose forward Oscar Jegou eye-gouge Scotland prop Ewan Ashman during Saturday's Six Nations match at Murrayfield? https://t.co/b9uE2oBLnE,Sat Mar 07 18:27:15 +0000 2026,11,2,4,cancellation_search
2029645148435390884,under fire for,TheStudyofWar,Institute for the Study of War,"2/ Iran launched attacks targeting Turkey and Azerbaijan on March 4 and 5. These attacks mark the 10th and 11th countries to come under Iranian fire.

Iran has regularly targeted US forces, ports, oil and gas facilities, and civilian infrastructure in neighboring countries and https://t.co/ixgAFrW7Cx",Thu Mar 05 19:48:07 +0000 2026,102,20,3,cancellation_search
2030056119326970195,under fire for,Worldsource24,World Source News,"BREAKING: Districts in western Tehran are currently under heavy Israeli‑US bombardment, with multiple structures reported to be on fire. 

The attack has been ongoing for roughly 45 minutes and continues across the capital, as well as in several other cities throughout Iran. https://t.co/2Cd2N9Xxj1",Fri Mar 06 23:01:10 +0000 2026,52,26,2,cancellation_search
2028368800546984066,under fire for,Shahinlooo,Shahinlooo,"For years, inside Iran, protesters have risked their lives chanting one name: Reza Pahlavi.

Under live fire and in front of regime bullets, many have openly called for him and for a democratic transition away from the Islamic Republic.

This support is not manufactured abroad. https://t.co/kkcrLWgzAi",Mon Mar 02 07:16:21 +0000 2026,1146,700,10000,cancellation_search
2026474965122400484,under fire for,jackunheard,Jack,"BREAKING: AOC is UNDER FIRE for making her staffers cover her office in fake “fan notes” to manufacture support. 

She had someone put a negative note next to a photo of Charlie Kirk photo by Rep. Andy Biggs office. 

These people are at an all time low
 https://t.co/7AvaZDy3I3",Wed Feb 25 01:50:56 +0000 2026,255,87,27,cancellation_search
2030169722206274000,under fire for,Averyglantz_,Avery,An employee in Thailand is under fire for allegedly getting too “handsy” with an American tourist during clothing measurements. 👀😳 Thoughts on this?? https://t.co/G8nqfhsAwT,Sat Mar 07 06:32:35 +0000 2026,26,30,1,cancellation_search
2028751819871252808,under fire for,AstroCounselKK,AstroCounselKK 🇮🇳,"While half of world is under 
Fire 🔥 ..
Do remember this very small Vedic Astrologer here ..
It takes lot of effort and research for months to predict with such accuracy..
Didn't I warn ⚠️  you in advance..
In the post below ..

This Man and his actions will take the world https://t.co/lHV7p8wNIN",Tue Mar 03 08:38:20 +0000 2026,293,50,9,cancellation_search
2029999072690720926,under fire for,voiceofrabbis,Voice of Rabbis,"@EYakoby Flaming up the Middle East wasn't enough for the Zionists; now they’ve brought their fire to NY, attacking our Mayor and endangering peaceful Jewish life. 

They are burning the soil under our feet to fuel their nationalist agenda. 

Real Jewish safety is found in peace, not in",Fri Mar 06 19:14:29 +0000 2026,126,11,1,cancellation_search
2026510067298918706,under fire for,DerrickEvans4WV,Derrick Evans,"🚨 NOW: President Trump awarded the Congressional Medal of Honor to Chief Warrant Officer Eric Slover for his heroism during the mission targeting Nicolás Maduro.

Despite being wounded, he kept the helicopter steady under fire and ensured safe extraction.https://t.co/BNOXrQR6KJ",Wed Feb 25 04:10:25 +0000 2026,132,15,1,cancellation_search
2029178624201372025,under fire for,voptvlive,Voice of the People TV,Yoruba Nation Activist Sunday Igboho Under Fire Following Appearance in APC Attire https://t.co/wPPJmpry7k,Wed Mar 04 12:54:18 +0000 2026,0,0,0,cancellation_search
2029589917689364551,under fire for,FoxNews,Fox News,"'GOD IS NONBINARY?': State Rep. James Talarico is under fire after old posts resurfaced showing him pushing for ""six genders"" and labeling white men the ""greatest domestic terrorist threat."" He also compared our national security to a ""front porch"" with a ""welcome mat"" for all. https://t.co/VqvAeNGDPO",Thu Mar 05 16:08:38 +0000 2026,1256,579,931,cancellation_search
2029551916242309283,under fire for,officer_Lew,Officer Lew,"BREAKING🚨: Iran's military boasts they've launched drone attacks on U.S. targets in Iraq.

This is what happens when you project weakness for years—appeasement invites aggression.  

Biden-era restraint let Tehran rebuild its terror network. Now American troops are under fire",Thu Mar 05 13:37:38 +0000 2026,36,11,2,cancellation_search
2029571212901327216,under fire for,NaomiSeibt,Naomi Seibt,"🇩🇪🇺🇸 IT’S ILLEGAL TO CALL THE CHANCELLOR “PINOCCHIO”⁉️

Free speech in Germany is under fire.🔥 

AfD MP @Frohnmaier_AfD reports that a retiree was just investigated for calling the chancellor “Pinocchio” on social media. 

I think that’s the most (p)innocuous insult I could come https://t.co/VZomz46kGy",Thu Mar 05 14:54:19 +0000 2026,1002,149,21,cancellation_search
2030370286768439802,under fire for,tovimagr,ΤΟ ΒΗΜΑ,"The city, under fire from Iran and assailed by critics, is a beacon of opportunity for people around the world #tovimagr #News https://t.co/LVHrj98LpS",Sat Mar 07 19:49:33 +0000 2026,1,0,0,cancellation_search
2030268200793837819,under fire for,DAGauteng,DA Gauteng,"🚔 Pledge #4: Johannesburg has become a hotspot for crime. Under a DA-led government, there will be zero-tolerance for crime and corruption in the City. We will enforce by-laws to keep residents safe and fire corrupt officials.

#BelieveInJoburg
#GetJoburgWorking https://t.co/hODAg0L2zC",Sat Mar 07 13:03:54 +0000 2026,18,9,1,cancellation_search
2030031361059475663,under fire for,BrandonStraka,Brandon Straka #WalkAway,"Sand Springs, OK City Manager Mike Carter is under fire for backing a new Google data center while holding a secret clause: if the deal passes, he gets a bonus and merit raise. That’s corruption.
https://t.co/VhBXoSFhO0",Fri Mar 06 21:22:47 +0000 2026,350,111,5,cancellation_search
2028751050988310686,under fire for,Milajoy,Mila Joy,"NY AG Letitia James under fire as T&amp;E Driving School in Queens busted in massive DMV bribery scam—owners &amp; examiners indicted for fast-tracking licenses to illegals with ZERO tests. 

139-count indictment unsealed. 

More arrests coming.  https://t.co/mwbgkxDm0d",Tue Mar 03 08:35:17 +0000 2026,13600,5449,306,cancellation_search
2029777043760828430,under fire for,RickyDoggin,A Man Of Memes,"#news The Mayor of Baltimore spent almost $1 million on high end restaurants and NFL football games on the taxpayer's dime
#baltimore 
Baltimore Mayor Brandon Scott's office has come under fire for spending $900,000 in taxpayer dollars on extravagant perks and parties, according https://t.co/BjfaGN6Q3V",Fri Mar 06 04:32:13 +0000 2026,594,501,215,cancellation_search
2029944722408517855,under fire for,HotSpotHotSpot,HOT SPOT,"🇺🇸🇮🇷 Iranian analyst Mohammad Marandi: 

“My country is under airstrikes from your Epstein regime”

“Even under missile fire, crowds gather all across the country to show support for the authorities and call for resistance against the invaders, despite Western media lying for 47 https://t.co/25BTUKEShk",Fri Mar 06 15:38:31 +0000 2026,809,277,21,cancellation_search
2029316005705453744,controversy,washingtonpost,The Washington Post,"Traders on the prediction-market site Kalshi assumed they had won a fortune by correctly betting on the Iranian leader’s demise.

However, Kalshi froze the $54 million trade, saying the site doesn’t allow transactions “directly tied to death.” https://t.co/qPSlpVu45O",Wed Mar 04 22:00:13 +0000 2026,45,16,17,cancellation_search
2028898490235883905,controversy,dom_lucre,Dom Lucre | Breaker of Narratives,🔥🚨DEVELOPING: Selena Gomez has left many of her fans disappointed after she got down to kiss  Benny Blanco’s feet on his new podcast following the dirty feet controversy https://t.co/rvy6ab15Vp,Tue Mar 03 18:21:09 +0000 2026,4543,402,1066,cancellation_search
2029195162052972853,controversy,FuentesUpdates,Fuentes Updates,"“Nick, thoughts on the new Lego controversy?????”

Umm, no... because I'm an adult man. https://t.co/yskU3y5zQI",Wed Mar 04 14:00:01 +0000 2026,537,21,10,cancellation_search
2030159866845945923,controversy,PMNehru,Jawaharlal Nehru,"Chandigarh University’s Unnao campus is under investigation by AIU.

But this isn’t the first time the university has been at the center of controversy.

For an institution that has repeatedly appeared in national headlines, this new investigation is lowkey shady. 

Now the https://t.co/zuJG0TR68Q",Sat Mar 07 05:53:25 +0000 2026,67,21,3,cancellation_search
2029600229893558304,controversy,thegabriel72,GABRIEL 🪽,"Georgia Election Certification Controversy: A Stunning Admission Amidst Media Silence.

This revelation broke this week, but most Americans remain unaware.

We watched them rig the votes on TV in real time. Stop the Lame Talk and let's see some Arrest on the TV'S https://t.co/WyJm12l1c4",Thu Mar 05 16:49:37 +0000 2026,4953,2686,182,cancellation_search
2029663745312465031,controversy,TheDailyShow,The Daily Show,This BAFTAs n-word controversy is a tough one for @JoshJohnson 🤔 https://t.co/i1kS2Dypxt,Thu Mar 05 21:02:00 +0000 2026,325,36,20,cancellation_search
2029597469059711248,controversy,joeshooker,mr. ems 🐉,"Cut to 2026 and Britney Spears herself is involved in a DUI controversy ☠️☠️☠️

Like Justin Timberlake said: what goes around... comes around https://t.co/IOUFo7n2Qd",Thu Mar 05 16:38:39 +0000 2026,36,4,4,cancellation_search
2029592029291028682,controversy,AjithFCMadurai,Madurai Online AFC,"Karur Incident ku nerla Poga guts illa
But oru controversy poitu irukapa atha expose paniten nu solrathula enna Guts irukku Theriyala 🤔🤔 https://t.co/RHGFfVUROu",Thu Mar 05 16:17:02 +0000 2026,182,76,0,cancellation_search
2029748732732834066,controversy,NOVA360X,NOVA,"A man playing with his child on the train sparked widespread controversy — and the strange reason? Apparently, it’s something that should only happen at home, not in front of others! https://t.co/IQVoohtOlD",Fri Mar 06 02:39:43 +0000 2026,6,1,0,cancellation_search
2029391557741117828,controversy,NavyVet,NavyVet,Matt Walsh's stance on conquering Iran seems to have shifted. Time to explain the change in opinion and address the hypocrisy. #MattWalsh #Controversy #Accountability https://t.co/jnq8fwpOb5,Thu Mar 05 03:00:26 +0000 2026,11,2,0,cancellation_search
2030091500663755085,controversy,TheRFTeam,Team Rising Falcon,"Former state in-charge of Hindu Yuva Vahini and former Bharatiya Janata Party MLA Raghvendra Pratap Singh from Dumariyaganj in Siddharthnagar district has once again come under controversy over an inflammatory speech.
During a Holi Milan event held at “Hindu Bhavan” in Shahpur, https://t.co/qsE776b2CN",Sat Mar 07 01:21:45 +0000 2026,29,19,4,cancellation_search
2029313261120709099,controversy,ADCVanguard_,ADC Vanguard,"BREAKING: Islamic Cleric Suspended From Ramadan Sermon In Yobe For Saying Governors Fear Tinubu More Than Allah

Yobe State has been thrown into controversy after the leadership of Jama’atu Izalatil Bid’ah Wa Iqamatis Sunnah (JIBWIS), Jos faction, suspended prominent Islamic https://t.co/yMCWo5BahW",Wed Mar 04 21:49:18 +0000 2026,23,13,4,cancellation_search
2028488865384685825,controversy,JillianMichaels,Jillian Michaels,"The State of the Union was a moment to celebrate American achievement, including both the men’s and women’s hockey teams winning gold — something everyone should be proud of. Yet online “experts” still found something to argue about, turning celebration into controversy. Jillian https://t.co/m5jBfddf5e",Mon Mar 02 15:13:27 +0000 2026,1242,82,19,cancellation_search
2029922271263883463,controversy,Coleidoscopes,𝙰 𝚆𝚘𝚖𝚊𝚗 𝚘𝚏 𝙻𝚎𝚝𝚝𝚎𝚛𝚜,All political accounts are kind of counting on the non-political accounts to speak for us since we get targeted and throttled at every hint of controversy. The only reason these posts are making it is because you're not flagged like us. Keep going. 🤘,Fri Mar 06 14:09:18 +0000 2026,7,1,0,cancellation_search
2029701198308085925,controversy,77WABCradio,TalkRadio 77 WABC,"Bill O'Reilly breaks down the controversy between Sid Rosenberg &amp; Mayor Mamdani.
https://t.co/G365Dvp5NU https://t.co/Viaqvh4vvX",Thu Mar 05 23:30:50 +0000 2026,5,2,0,cancellation_search
2029703892045348933,controversy,BusinessInsider,Business Insider,"Demarre Johnson is one of four Wall Street juniors profiled in a now-viral, meme-ified article. He knew that ""controversy sells."" https://t.co/f29TwqJ6hM",Thu Mar 05 23:41:32 +0000 2026,6,0,0,cancellation_search
2028570739767689395,controversy,yeunrlsd,yeunrlsd,Ye updates JIK's cover amidst the black dot controversy https://t.co/umJp7C3mtp,Mon Mar 02 20:38:48 +0000 2026,5795,96,19,cancellation_search
2027612088793809025,controversy,Popstonox,Popstonox,"Kat Abughazaleh has posted a response to controversy surrounding her foreign policy adviser's email detailing her campaign's positions

""I would not have approved the language. The individual is no longer on our staff. The email describes me as an interventionist, which is not https://t.co/ODd72M5mPW",Sat Feb 28 05:09:27 +0000 2026,3716,272,150,cancellation_search
2030058366475685893,controversy,nationalpost,National Post,"'The PM can survive controversy. He can't survive incoherence — at least, not forever'

https://t.co/t8XzFDWTjY",Fri Mar 06 23:10:05 +0000 2026,77,12,26,cancellation_search
2029999572601225349,boycott,yjkive,Bran,I’m confused are the same ones saying boycott the comeback over ai are the same as the ones that are asking for a US Moacon?,Fri Mar 06 19:16:28 +0000 2026,41,1,1,cancellation_search
2030077422486331598,boycott,TheHughAnthony,Hugh Anthony,"🚨WE GOT KICKED OUT OF SPOONS BECAUSE OF MY POLITICAL BELIEFS🚨

We were out having a calm drink among friends, when the manager came over and asked us to LEAVE because of what I post online.

Patriots NOT welcome at spoons apparently. https://t.co/kj2ZsEZOCa",Sat Mar 07 00:25:49 +0000 2026,6343,1110,656,cancellation_search
2029920978034180286,boycott,InsiderWorld_1,The Palestinian,@visegrad24 Boycott Messi.,Fri Mar 06 14:04:09 +0000 2026,248,13,2,cancellation_search
2028334937179640055,boycott,WHLeavitt,𝔉🅰𝒏 Karoline Leavitt,"🚨 BREAKING: Netflix stock plunges at open after refusing to fire ex-Obama official Susan Rice for threatening Trump supporters. 

They promote LGBTQ content for kids. 

Boycott Netflix? 

A. Yes 
B. No

Via @Rightanglenews https://t.co/xPtpncibQw",Mon Mar 02 05:01:48 +0000 2026,5401,2134,1109,cancellation_search
2029637767521837136,boycott,Alinavisooo,Alina Visooo,"British comedian Stewart Lee has decided to boycott performing in the U.S. while President Trump is in office

What is your Response to him ?? https://t.co/4mjl9fSXm8",Thu Mar 05 19:18:47 +0000 2026,175,4,79,cancellation_search
2029567126269513976,boycott,tillgetomywife,Taspia ౨ৎ,"How inhumane do you have to be to bomb innocent civilians during iftar? They are destroying historic landmarks too. This is clearly genocide, they are trying to erase an entire nation. Pls guys dont stay silent, talk about it, spread awareness, donate if you can and boycott",Thu Mar 05 14:38:05 +0000 2026,6580,4096,3,cancellation_search
2027123325697204416,boycott,sumgarf,sum 𐚁,how it feels to boycott scream 7 AND the movie also happens to be bad  https://t.co/ubdL2enxV8,Thu Feb 26 20:47:17 +0000 2026,22720,2076,51,cancellation_search
2029290793467277357,boycott,InsiderWorld_1,The Palestinian,Do you still boycott for Palestine? https://t.co/e2ornCAMkG,Wed Mar 04 20:20:02 +0000 2026,237,72,14,cancellation_search
2030057141097148554,boycott,mofestweets,Mr. Mo,We actually need to boycott NYSC en-masse as a form of protest against this wicked government,Fri Mar 06 23:05:13 +0000 2026,304,120,7,cancellation_search
2029245051495436590,boycott,Amockx2022,Amock_,"BREAKING : This is very shameful anchoring by Chitra Tripathi 

When INC spokesperson started giving back to her, his mic was turned off 

She started ranting against him and told to use that language against Congress top leaders 

Opposition should boycott her shows 🚨 https://t.co/7GolwUB1YO",Wed Mar 04 17:18:16 +0000 2026,1081,239,55,cancellation_search
2027773956363596088,boycott,Mbakaza4L,ALUTHEDON,"A young Libyan Mohamed Alnaas produced a boycott video delivering a clear message, urging people to boycott products that support Israeli apartheid https://t.co/pOkWuic0B5",Sat Feb 28 15:52:40 +0000 2026,59261,20186,159,cancellation_search
2029548395950682319,boycott,kinskay,Hope⁷ 🍎,When you have Jin as your bias you will get people like this one reporting your account and still be the same one to boycott Jin at the MAMAs. Please leave us alone to love and support our  bias https://t.co/FWGhXii91i,Thu Mar 05 13:23:39 +0000 2026,209,48,2,cancellation_search
2029234538157666643,boycott,tonypatt2000,Tony Patterson,If Spain boycott the World Cup then that bald FIFA twat should be made to resign!,Wed Mar 04 16:36:29 +0000 2026,11830,666,49,cancellation_search
2028931480869613828,boycott,EurovisionNewZ,Eurovision News,"🇳🇱 Duncan Laurence, #Eurovision 2019 winner, announced that he supports the boycott decision of the AVROTROS. 

""I can't imagine rejoining Eurovision at this point. Maybe something else will happen in the future, but Eurovision as it is now… no, thanks."" https://t.co/LzROxBU8ug",Tue Mar 03 20:32:15 +0000 2026,1162,66,25,cancellation_search
2029570465052959085,boycott,the_hunter1100,The Hunter,"British comedian Stewart Lee has decided to boycott performing in the U.S. while President Trump is in office

What is your Response to him ?? https://t.co/3qxTyNi7Jv",Thu Mar 05 14:51:21 +0000 2026,241,83,954,cancellation_search
2029982340131197380,boycott,libsoftiktok,Libs of TikTok,"OMG

Eventbrite says an event about keeping men out of women’s sports violates their guidelines

But child grooming events are totally cool

BOYCOTT @eventbrite

Absolutely sick https://t.co/zvL0Ro12ek",Fri Mar 06 18:07:59 +0000 2026,7044,2686,140,cancellation_search
2030373209300676902,boycott,EYakoby,Eyal Yakoby,"My investment strategy has purely been to invest in companies that pro-Palestinians boycott.

I am up 31% in the past year.",Sat Mar 07 20:01:10 +0000 2026,118,16,3,cancellation_search
2030241348381516172,boycott,clashreport,Clash Report,"""Woke"" Rift Widens as African Anglicans Boycott UK-led Church

Conservative Anglican group GAFCON urged members to boycott meetings led by the Archbishop of Canterbury &amp; halt funding, a move that follows creation of a rival Global Anglican Council ahead of the enthronement of a",Sat Mar 07 11:17:12 +0000 2026,69,11,8,cancellation_search
2029324537247219907,boycott,thejinfantry,Jinfantry,"So now expressing how I feel on my own page makes me an anti? And suddenly I’m “pushing a boycott”? All I said was that I’m sad not seeing his name there, and somehow that was enough for y’all to label me.",Wed Mar 04 22:34:07 +0000 2026,824,122,37,cancellation_search
2029216710960599486,petition,We_OwnIt,We Own It,"Ash Smith, the campaigner behind Channel 4's Dirty Business docu-drama, tells the government - get a grip!

Private profiteers can't be trusted any longer with our water - it needs to be in public hands, starting with Thames Water.

Act NOW - sign the petition: https://t.co/ZQK0y6N47B",Wed Mar 04 15:25:39 +0000 2026,835,496,11,cancellation_search
2029707963103875471,petition,JrBirame2,Ghost,"Signez la pétition contre la candidature de Macky SALL a l’ONU… 👇🏽
https://t.co/8kSVOC6TkL https://t.co/kaIylYXXzH",Thu Mar 05 23:57:43 +0000 2026,354,132,12,cancellation_search
2028275138064703616,petition,ScrapDaddyAP,Adam Pearce,My official statement regarding the petition to suspend referee Jessika Carr. https://t.co/cDZmhtLssB,Mon Mar 02 01:04:11 +0000 2026,11262,1241,508,cancellation_search
2029416129928814834,petition,WithLuvNPickles,パック 🏳️‍🌈 ด้วยรักและผักดอง,"สำหรับท่านที่ขี้เกียจสแกน QR (เช่นพ้ม)

https://t.co/LX9t62tqws",Thu Mar 05 04:38:04 +0000 2026,742,1911,2,cancellation_search
2029586326820143371,petition,JDALEXtweets,ʲᵈᴀʟᴇxᴀɴᴅᴇʀᵗʷᵉᵉᵗˢ,"She : Election munadi Divorce Petition kudutha Vijay sad depression poidum paaru !

Meanwhile Anna : https://t.co/B0lqtkPJIQ",Thu Mar 05 15:54:22 +0000 2026,5391,823,77,cancellation_search
2029645273929240678,petition,SarahSmithNM,Sarah Smith NM,"⏰⏰⏰ATTN NEW MEXICANS STATEWIDE! PLEASE SIGN LARRY LEAD MARKER'S NOMINATING PETITION FOR USA SENATE BY MARCH 15TH! Although the general petition deadline for statewide offices has passed, Larry Lead Marker is a NEW candidate for Senator to represent NM in the USA Congress. If https://t.co/imIUqHc1lx",Thu Mar 05 19:48:36 +0000 2026,86,62,30,cancellation_search
2029922389639975220,petition,1ssve,S.🎧,Petition for the corporate workday  to be  9am-3pm,Fri Mar 06 14:09:46 +0000 2026,24041,3309,160,cancellation_search
2029579182817055150,petition,JLMelenchon,Jean-Luc Mélenchon,Pas touche au Liban. Netanyahu frappe la capitale du Liban. Voilà où mène d'avoir permis tous les crimes précédents. Ce pouvoir-là n'a plus de limite. Il annexe des territoires de tous côtés. Il faut bloquer les accords de coopération commerciale avec l'UE. La pétition européenne,Thu Mar 05 15:25:59 +0000 2026,12572,3079,948,cancellation_search
2030046041773330824,petition,CalltoActivism,CALL TO ACTIVISM,"After Kristi Noem’s firing, thousands of Americans have begun signing a petition calling for Attorney General Pam Bondi to be fired next:

https://t.co/Sc8f5eTwVA https://t.co/tfDCsSxJtC",Fri Mar 06 22:21:07 +0000 2026,5478,1492,116,cancellation_search
2027453453656522972,petition,Mofoman360,Lee Patriot Hood,"If this was a petition to get Keir Starmer out of No 10 would you sign ✍🏻 it 

#StarmerOut #StarmerOutNow https://t.co/m2Fz0AQaAi",Fri Feb 27 18:39:06 +0000 2026,1879,265,513,cancellation_search
2030190754728231406,petition,KVFC_Official,KERALA VIJAY FANS CLUB,"Petition 1 - என்னை, விஜய் வீட்டுக்குள்ளே வச்சு கொடுமை படுத்தினார் 

Petition 2 - என்னை, விஜய் வீட்டுக்குள்ளயே சேர்க்கவில்லை. 

இதில எதுடா உண்மை 😂😂😂😂. 

அன்னியார் இப்படி EXPOSE ஆகுவாங்கனு நினைத்து பார்க்க முடியவில்லை.",Sat Mar 07 07:56:09 +0000 2026,2450,811,162,cancellation_search
2030212341065719937,petition,We_OwnIt,We Own It,"English National Treasure says what!

If you agree with Kathy Burke, sign our petition. Bring Thames Water into public ownership. Then we can work on the rest.

https://t.co/oFE3HcjPcc https://t.co/j7QIZtKcGA",Sat Mar 07 09:21:56 +0000 2026,820,493,12,cancellation_search
2029249561131413781,petition,RiseOfAlberta,Rise Of Alberta,"No one is coming to save Alberta. 

Sign the petition. 

If you already have, find someone who hasn't. 

Want to guarantee we win? Become a canvasser. 

It is on us. Alberta's future is in our hands alone.

#AlbertaIndependence https://t.co/5C0i3OCq8y",Wed Mar 04 17:36:11 +0000 2026,928,359,32,cancellation_search
2029337140329689181,petition,RiseOfAlberta,Rise Of Alberta,"Yet to sign the Alberta Independence Petition?

A canvasser can come directly to your work site and collect signatures from you and your crew.

Click the link below to arrange for a canvasser to come to you ⬇️

https://t.co/lDUAhiwuOk https://t.co/HvVsK3qDWp",Wed Mar 04 23:24:12 +0000 2026,327,186,8,cancellation_search
2029715675518755249,petition,CharlesMcCallOK,Charles McCall,"State Question 836 will NOT appear on the ballot.

Outside activists tried to force a California-style power grab on Oklahoma voters. But because of the petition verification reforms we passed, every signature had to meet the standard and every rule had to be followed.

In 2020, https://t.co/5T5wmxMVN9",Fri Mar 06 00:28:21 +0000 2026,72,11,9,cancellation_search
2029676258666160336,petition,actualitecd,ACTUALITE.CD,RDC : Modeste Bahati Lukwebo visé par une pétition au Sénat pour opposition à la révision constitutionnelle https://t.co/QYmxZO18Kg,Thu Mar 05 21:51:44 +0000 2026,29,3,5,cancellation_search
2030118490917704191,petition,PaulMitchell_AB,Paul Mitchell,"Team Alberta in the Edmonton area...

Thank you for signing the Alberta independence petition. Now you have a new mission: each of you find 2 Albertans who haven't signed yet and direct them to the venues below. 🤠👇

Get those 2 extra signatures each! Get it done for the win! https://t.co/woySPNkIn7",Sat Mar 07 03:09:00 +0000 2026,100,56,7,cancellation_search
2030044156941177150,petition,MouvEnfants,Mouv’Enfants,"#municipales2026 #Limoges

🟥Le maire sortant Émile Roger Lombertie et candidat de @VilleLimoges87 fait l’objet de plaintes pour harcèlement moral et harcèlement sexuel.

🧹🧹🧹Nous demandons le retrait de sa candidature.

Pétition✍️
https://t.co/3K7Ed2TRY5",Fri Mar 06 22:13:38 +0000 2026,71,51,4,cancellation_search
2029869255391322252,petition,yolandaschultes,yolanda schultes,Stoppen Sie die Tötung von Straßentieren in der Türkei - Sign the Petition! https://t.co/vhVVMP0EjE via @Change,Fri Mar 06 10:38:38 +0000 2026,122,88,7,cancellation_search
2030129149764096006,sign petition,D1RTisbck,D1rt,Would you like to sign my petition,Sat Mar 07 03:51:21 +0000 2026,2,1,0,cancellation_search
2029216710960599486,sign petition,We_OwnIt,We Own It,"Ash Smith, the campaigner behind Channel 4's Dirty Business docu-drama, tells the government - get a grip!

Private profiteers can't be trusted any longer with our water - it needs to be in public hands, starting with Thames Water.

Act NOW - sign the petition: https://t.co/ZQK0y6N47B",Wed Mar 04 15:25:39 +0000 2026,835,496,11,cancellation_search
2030038324543709188,sign petition,HastiGh4,👑Hasti GH👑,"عزیزان این پتیشین تروریستی اعلام کردن مجاهدین خلق رو امضا کنید لطفا🙏
Designate the Mujahedin-e Khalq (MEK/PMOI) as a Terrorist Organization - Sign the Petition! https://t.co/Ifzz5EsYN2 via @ChangeAUS",Fri Mar 06 21:50:27 +0000 2026,19,12,0,cancellation_search
2029869255391322252,sign petition,yolandaschultes,yolanda schultes,Stoppen Sie die Tötung von Straßentieren in der Türkei - Sign the Petition! https://t.co/vhVVMP0EjE via @Change,Fri Mar 06 10:38:38 +0000 2026,122,88,7,cancellation_search
2027453453656522972,sign petition,Mofoman360,Lee Patriot Hood,"If this was a petition to get Keir Starmer out of No 10 would you sign ✍🏻 it 

#StarmerOut #StarmerOutNow https://t.co/m2Fz0AQaAi",Fri Feb 27 18:39:06 +0000 2026,1879,265,513,cancellation_search
2029668433894535523,sign petition,CtrlAltShade,س.ا.ی.ن.ا,"Urgent 🚨🚨🚨🚨
SIGN THIS PETITION AND SHARE! 
⚠️⚠️⚠️⚠️⚠️⚠️⚠️⚠️⚠️⚠️⚠️⚠️⚠️

Designate the Mujahedin-e Khalq (MEK/PMOI) as a Terrorist Organization - Sign the Petition! https://t.co/9eqgNNeFnd via @CdnChange",Thu Mar 05 21:20:38 +0000 2026,2,0,0,cancellation_search
2029686325880799625,sign petition,TogetherWeMask,MaskTogetherAmerica,"On #LongCOVIDAwarenessDay (March 15), NYC should recognize #LongCOVID as a historic struggle and light up its City Hall in teal! Sign petition to @NYCMayor! https://t.co/gx4f6jK1a1 Join Us! 💚 https://t.co/j2wimB1p8K",Thu Mar 05 22:31:44 +0000 2026,67,37,2,cancellation_search
2029645273929240678,sign petition,SarahSmithNM,Sarah Smith NM,"⏰⏰⏰ATTN NEW MEXICANS STATEWIDE! PLEASE SIGN LARRY LEAD MARKER'S NOMINATING PETITION FOR USA SENATE BY MARCH 15TH! Although the general petition deadline for statewide offices has passed, Larry Lead Marker is a NEW candidate for Senator to represent NM in the USA Congress. If https://t.co/imIUqHc1lx",Thu Mar 05 19:48:36 +0000 2026,86,62,30,cancellation_search
2029609115845107867,sign petition,Mike_Cox,Mike Cox 2026,"Sign here if you want to Make Michigan Great Again and protect our elections! 
https://t.co/d91kFEgHlc",Thu Mar 05 17:24:56 +0000 2026,5,1,0,cancellation_search
2029249561131413781,sign petition,RiseOfAlberta,Rise Of Alberta,"No one is coming to save Alberta. 

Sign the petition. 

If you already have, find someone who hasn't. 

Want to guarantee we win? Become a canvasser. 

It is on us. Alberta's future is in our hands alone.

#AlbertaIndependence https://t.co/5C0i3OCq8y",Wed Mar 04 17:36:11 +0000 2026,928,359,32,cancellation_search
2030097212781552035,sign petition,joealberta71,Joe Alberta,Folks if you are planning to sign the Citizens Initiative Petition for @stayfreealberta - NOW IS THE TIME! There could be a potential court injunction on April 7 that could halt the campaign. Go to https://t.co/42BrEc5KZw &amp; click on where to sign!  #AlbertaIndependence,Sat Mar 07 01:44:27 +0000 2026,76,38,3,cancellation_search
2030063268363112731,sign petition,RiseOfAlberta,Rise Of Alberta,"Calgary.

Sign the Alberta Independence Petition.

Saturday, March 7
11:30am–3:30pm
6012 Elbow Drive SW

Bring valid Alberta ID and add your name. https://t.co/Juqxndk9Ut",Fri Mar 06 23:29:34 +0000 2026,359,166,9,cancellation_search
2030040259128611143,sign petition,RiseOfAlberta,Rise Of Alberta,"Call someone you know who supports independence and remind them to sign the petition today.

#AlbertaIndependence https://t.co/RVHw7YJ484",Fri Mar 06 21:58:08 +0000 2026,217,106,3,cancellation_search
2028025163686494369,sign petition,WPezeMed,Warren Pezé,"The university of Iowa is planning to eliminate Latin and Greek from their cursus, always for the same reasons – less than 25 students. And they have 18! 
This is a general trend which only means the death of humanities. Please sign the petition.
https://t.co/7GVcUAck0z",Sun Mar 01 08:30:52 +0000 2026,1097,233,34,cancellation_search
2029447203346088127,sign petition,jackie_french_,Jackie French,I have signed. Save the Glenbog Wombats from being buried alive. - Sign the Petition! https://t.co/TA4hnHkGkX via @ChangeAUS,Thu Mar 05 06:41:33 +0000 2026,177,93,11,cancellation_search
2029293482557489576,sign petition,RiseOfAlberta,Rise Of Alberta,"Albertans in Tampa.

Sign the Alberta Independence Petition this Sunday.

March 8
2:30pm–5:30pm
Brandon Exchange Mall
East parking lot near Mr Splash USA Car Wash

Bring valid Alberta ID and add your name. https://t.co/CrefFxKqY4",Wed Mar 04 20:30:43 +0000 2026,398,212,8,cancellation_search
2029891540651212934,sign petition,moses_brian,Brian Moses,Demand tougher penalties for animal cruelty - Sign the Petition! https://t.co/0v7g5Ernoo via @UKChange,Fri Mar 06 12:07:11 +0000 2026,2,0,0,cancellation_search
2028507877434880039,sign petition,PhaedraXTeddy,Phaedra,"The MPSC O BRASIL QUER JUSTIÇA tag 
is in 14th place on the trending topics ranking. Let's climb higher!

Drop everything you're doing and quickly comment MPSC O BRASIL QUER JUSTIÇA

Sign for prison for all 9 involved in torturing dog #Orelha!  https://t.co/eZJf4i7vsq

MPSC - https://t.co/Y0iqf86kpz",Mon Mar 02 16:29:00 +0000 2026,112,48,11,cancellation_search
2029651330877243592,sign petition,CitizenGO,CitizenGO,@CF_Farrow Sign the petition here: https://t.co/ne3c7tQ8MW,Thu Mar 05 20:12:41 +0000 2026,17,11,1,cancellation_search
2027183636349407662,cancel culture,LucciVee,Lu Lu💕,Just saw the preview for Scary Movie 6….cancel culture gone lose they mind lmfaooo,Fri Feb 27 00:46:56 +0000 2026,9907,862,79,cancellation_search
2029840932279865571,cancel culture,sweeneydailyx,Sydney Sweeney Daily,"Cancel culture is misogynistic and mainly targets women, Sydney Sweeney still receives massive hate over a jeans commercial that people misinterpreted.
And nothing will happen to Messi.
https://t.co/wvsuQvHogi",Fri Mar 06 08:46:05 +0000 2026,442,28,26,cancellation_search
2029776009315148229,cancel culture,ItsMemesdaily,Memes Daily,@PopBase Bro is using Scary Movie 6 to fight cancel culture and that might be the most 2026 sentence ever written.,Fri Mar 06 04:28:06 +0000 2026,11,0,0,cancellation_search
2029385537597903224,cancel culture,goinschitz,hamza,“cancel the cancel culture” like a h*tler edit didn’t get 200k likes on this app last week https://t.co/D0kik3d0UO,Thu Mar 05 02:36:30 +0000 2026,17174,787,19,cancellation_search
1554040884546584577,cancel culture,wokal_distance,Wokal Distance,"2/
Call-Outs are not the same as cancel culture (but they can be related).

Cancel culture is when people try to get someone fired or de-platformed in order to punish them what they said. Cancel culture is about punishing people economically and professionally to silence them.",Mon Aug 01 09:46:34 +0000 2022,441,20,2,cancellation_search
2029557545656885406,cancel culture,MAGACult2,MAGA Cult Slayer🦅🇺🇸,"This isn’t about “cancel culture.” It’s about standards.

When serious allegations surface, and when your crisis-response involves a convicted sex offender, you don’t get to lecture the public about hysteria.

Accountability isn’t oppression. It’s the price of credibility.

WE",Thu Mar 05 14:00:00 +0000 2026,44,10,2,cancellation_search
2029008631119876207,cancel culture,lextorias,not lextorias,"“Cancel culture” has never been the issue. Most people have always been okay with edgy humor. A beloved comedy that just came out literally has the f-slur in it

The key is that you have to make it funny, and this film’s trailer opens with a “did you just assume my gender?” joke",Wed Mar 04 01:38:49 +0000 2026,10006,628,132,cancellation_search
2026880594005688710,cancel culture,ElofsonJess,The Artist known as Jess,"@JayTC53 😂 weird how an investigation turns you clowns into cancel culture liberals 
Go fuck yourself",Thu Feb 26 04:42:45 +0000 2026,4462,291,115,cancellation_search
2030080008614727703,cancel culture,maietta,Nick,"@tyleraloevera You need to put your site behind Cloudflare to make it harder to determine the IP of the site to prevent people from engaging in cancel culture.

If what you are doing is legal or morally justified, I will be glad to help you evade censorship.

I actually specialize in this. My",Sat Mar 07 00:36:05 +0000 2026,24,0,3,cancellation_search
2030379991498731774,cancel culture,blandCinema,Onion Enjoyer Paul Bland,Remember when these freaks were supposed to be anti cancel culture and now they are spending all their time frantically searching Mamdani’s wife’s likes for a cheap hit piece,Sat Mar 07 20:28:07 +0000 2026,0,0,0,cancellation_search
2029607873991561294,cancel culture,sarah_luna_1111,Sarah Luna,@WayneWaldropW The smear campaigns are so predictable it’s become like the Boy Who Cried Wolf. Completely ineffective leftist cancel culture on steroids.,Thu Mar 05 17:20:00 +0000 2026,54,0,4,cancellation_search
2029137940949958810,cancel culture,LucyTCWife,Lucy Connolly,"No,no,no.
This is cancel culture! 

We need to put an end to this. 

People are allowed to have opinions, people are allowed to swear. We are grown ups. 

We need to put an end to people being reprimanded in the work place for something they said on social media etc. 

Offence is",Wed Mar 04 10:12:39 +0000 2026,122,16,45,cancellation_search
2028987066453721171,cancel culture,DiscussingFilm,DiscussingFilm,"Marlon Wayans says ‘Scary Movie 6’ is going to “cancel the cancel culture.”

“What we’re trying to do is bring back laughter. This is about bringing back comedy the way it used to be. I think the only way to do it is you have to cancel the cancel culture.”

(Source: https://t.co/v4rLKYnSi3",Wed Mar 04 00:13:08 +0000 2026,31258,2508,868,cancellation_search
2028893241957855614,cancel culture,RealScreenGeek,ScreenGeek,"Marlon Wayans promises ‘Scary Movie 6’ will “cancel” cancel culture.

“What we’re trying to do is bring back laughter. This is about bringing back comedy the way it used to be. I think the only way to do it is you have to cancel the cancel culture.” https://t.co/v62Qrei5u5",Tue Mar 03 18:00:18 +0000 2026,13586,1458,266,cancellation_search
2029775420355432838,cancel culture,PopBase,Pop Base,"Marlon Wayans says the goal of ‘Scary Movie 6’ is to “bring back comedy the way it used to be”:

“And I think the only way to do it is you have to cancel the cancel culture.”

(https://t.co/KsddxMe1dY) https://t.co/jeMCxKH5iO",Fri Mar 06 04:25:46 +0000 2026,14758,1053,169,cancellation_search
2029605157386744045,cancel culture,DiligentDenizen,Diligent Denizen 🇺🇸,"‼️🇺🇸: Pentagon now signaling the USA/Israel war on Iran could last until September 2026. 👀

Epstein ties to Peter Thiel, Ehud Barak, Israel, C I A, &amp; Iran come under scrutiny.

Help beat foreign ops systems of censorship &amp; weaponized cancel-culture. 👇🏻
 https://t.co/MomYrAWTza",Thu Mar 05 17:09:12 +0000 2026,148,61,17,cancellation_search
2030387051565027348,cancel culture,Levia_161,LEVIÄ,@ElMaestro1899 En tout cas ça montre vraiment à quel point le wokisme et la cancel culture fait du mal au rap lol,Sat Mar 07 20:56:10 +0000 2026,1,0,1,cancellation_search
1277779155153649665,cancel culture,dremilyanhalt,Dr. Emily Anhalt,"So here's my take:

Cancel culture is a large-scale version of this concept - an inability to hold the good and bad together.

It's an attempt to identify and obliterate the “bad"" people, so that there will be no more badness. But, unfortunately, that’s not how the world works.",Tue Jun 30 01:41:05 +0000 2020,197,26,8,cancellation_search
2029912665275982155,cancel culture,CRIXUSwasHERE,CRIXUS,"@catturd2 After 10 long years, I'm old enough to remember when MAGA was anti-war, always asked questions, encouraged critical thinking, and rejected cancel culture.
Now, I'm living in a nightmare where  neoMAGAs would absolutely block the great Charlie Kirk for posting this tweet. Sad.😕 https://t.co/AnEZr5qiBA",Fri Mar 06 13:31:08 +0000 2026,15,4,0,cancellation_search
2029488981511970960,backlash,BluKreamx,Kream 🦋,"Reggie is facing MAJOR BACKLASH after pressing Damii at the Clover house for walking in without introducing himself, saying he didn’t know who he was 😳👀🤦‍♂️ https://t.co/hbEA40ATmO",Thu Mar 05 09:27:33 +0000 2026,11009,288,427,cancellation_search
2030043283041259912,backlash,TRIGGERHAPPYV1,Crime Net,"Mother is receiving backlash online for the way she was dancing at her sons birthday party, thoughts? https://t.co/ETPIxEdEVg",Fri Mar 06 22:10:09 +0000 2026,168,12,54,cancellation_search
2027852671990849711,backlash,WydAlphaX,A.,I don’t see how women think they can just hit someone and not expect backlash. https://t.co/6EFZM4VKbB,Sat Feb 28 21:05:27 +0000 2026,30470,1932,1194,cancellation_search
2028480728376164405,backlash,HomanNews,Commentary 🇺🇸 Tom Homan,"🚨 ELON: Elon Musk says the surge in backlash and anger is a sign that real change is happening — arguing that efforts to cut corruption and waste are finally making an impact.

He added that without President Trump, none of it would be possible.

What do you think?

A️⃣ Yes — https://t.co/OszVHYUM4c",Mon Mar 02 14:41:07 +0000 2026,2111,639,644,cancellation_search
2029219131548156226,backlash,HateradeCon,Con,Mother faces backlash for ignoring her child’s behavior in public. Are parents today too soft on discipline? https://t.co/k971c7wQH4,Wed Mar 04 15:35:16 +0000 2026,520,32,71,cancellation_search
2029719201590480945,backlash,CutnPaid,CutnPaid,"Reggie is facing BACKLASH for letting the Clover beef show and acting MAD in Rakai’s Under Armour commercial, being unprofessional 😳😬 https://t.co/phfsnpsgcr",Fri Mar 06 00:42:22 +0000 2026,10462,218,117,cancellation_search
2030383135204999197,backlash,wildclipszone,Wild Clips,An influencer is catching backlash after allegedly posting a thirst trap while cleaning her late mother’s tombstone 😳 https://t.co/lRTIAFPZ66,Sat Mar 07 20:40:36 +0000 2026,6,0,2,cancellation_search
2027431708635672810,backlash,TRIGGERHAPPYV1,Crime Net,NYPD officer is receiving backlash online for the way he approached this man https://t.co/PrYPS0dpPZ,Fri Feb 27 17:12:41 +0000 2026,8343,964,418,cancellation_search
2028104487957647739,backlash,YSLONIKA,welp.,i’m side eyeing everyone in Hollywood cuz why is Nicki is getting more backlash for having different political views than actual r*pists and p*dofiIes who were on Epstein island ??!?!? https://t.co/n2j9qET7TJ,Sun Mar 01 13:46:04 +0000 2026,8753,1397,138,cancellation_search
2029787055015018726,backlash,FightStorage,Wild Videos,Gen-Z Mom received backlash for doing this to her kid… https://t.co/ucLFMCN0y6,Fri Mar 06 05:12:00 +0000 2026,274,5,17,cancellation_search
2029982534906597377,backlash,Baklava_USA,🇺🇸 ʟᴇғᴛ ᴄᴏᴀˢᴛ ᴠᴀɢʀᴀɴᴛ 🇺🇸,"🚨BREAKING: Anthropic CEO Dario Amodei grovels to Trump Admin after AI memo backlash! 🤝 After signing a letter criticizing Trump’s AI policies, Amodei now says he “fully supports” them

Too late CHUMP !

https://t.co/JAuLZZyKEQ",Fri Mar 06 18:08:46 +0000 2026,2,1,0,cancellation_search
2029338101789934060,backlash,AmericaPapaBear,AmericanPapaBear™,"Mia Khalifa is facing backlash after posting this video saying that she hopes US soldiers come back with PTSD. 

I think women who get nailed on camera for money have no moral high ground when it comes to ANYTHING. https://t.co/5tVKkGS7Yw",Wed Mar 04 23:28:01 +0000 2026,1403,493,638,cancellation_search
2029540464592908655,backlash,Raindropsmedia1,Rain Drops Media,"The New York Post faces backlash after allegedly “Lying &amp; spinning the narrative” following former Marine Brian McGuinness’s peaceful protest against the war during a Senate hearing. He was physically removed, which led to his arm being broken. 👀

 https://t.co/XQq4UzvbpE",Thu Mar 05 12:52:08 +0000 2026,291,74,16,cancellation_search
2030062743877796061,backlash,dom_lucre,Dom Lucre | Breaker of Narratives,"🔥🚨DEVELOPING: NBA Hall of Famer Shaq is under backlash after he chose to put his hands and lips on the tallest female model in the world just moments after meeting her.

 https://t.co/AOu5fVhIYB",Fri Mar 06 23:27:29 +0000 2026,1380,124,464,cancellation_search
2029673580875681798,backlash,officialrnintel,"Rerum Novarum // Intel, Breaking News, and Alerts",🇺🇸⚡️- President Trump deleted this Truth Social post and posted a new identical one after major backlash towards his support for transgender surgery for kids with parental consent. https://t.co/ZtejAz42kV,Thu Mar 05 21:41:05 +0000 2026,615,59,24,cancellation_search
2028957375240237072,backlash,ilySalt,Salt 💫,"Lacy responded to the backlash after his scripted DoorDash ban on stream, clarifying it wasn’t real and revealing he sent $500 to the fan who let him use the account for a day 👀 https://t.co/SwdmKLyna8",Tue Mar 03 22:15:09 +0000 2026,656,10,21,cancellation_search
2028737565239419196,backlash,ImMeme0,I Meme Therefore I Am 🇺🇸,"🚨BREAKING: After disturbing comments wishing a military husband wouldn’t make it home, large content creator Nomadically Ryan faces major backlash and has made all of his social media accounts private.

Yesterday, a military wife’s post went viral. She shared a photo of her https://t.co/Qs1QqVMatz",Tue Mar 03 07:41:42 +0000 2026,19108,5293,550,cancellation_search
2029666258778739027,backlash,Sonic_Snaps,SONIC ⚡,"🚨 Breaking: N3on is facing major backlash after a controversial clip targeting Arman went viral 👀

Reports say the situation escalated to the point he even landed in jail, and now people online are saying he may not be welcome in India after the remarks 🇮🇳😳

The internet is https://t.co/DAF74R5SDo",Thu Mar 05 21:12:00 +0000 2026,42,2,9,cancellation_search
2029754166537769238,backlash,BrandonStraka,Brandon Straka #WalkAway,Marine veteran Brian McGinnis—seen wearing a keffiyeh and known for a Senate hearing disruption while in his Marine uniform—faces backlash after the protest over U.S. policy on Iran. https://t.co/QQeWatmWUT,Fri Mar 06 03:01:18 +0000 2026,697,277,324,cancellation_search
2029331061067440549,outrage,AJEnglish,Al Jazeera English,"Outrage is growing in Spain over the lack of solidarity amongst EU countries and their position on the US-Israeli war against Iran. 

Al Jazeera’s @osamabinjavaid explains why Spanish PM Pedro Sanchez feels let down by other leaders. https://t.co/MvvE3RgyAL",Wed Mar 04 23:00:02 +0000 2026,731,275,33,cancellation_search
2028545794320592986,outrage,LizaRosen0000,Liza Rosen,"https://t.co/Gbxtz9PkHU
She wanted to be nice and welcoming to the Muslims flooding her hometown. She even bought a book about their Sharia culture and laws to avoid being rude or offensive.

Watch her outrage when she discovers what these Muslim migrants seek to impose on her",Mon Mar 02 18:59:40 +0000 2026,3259,1304,68,cancellation_search
2028498228073685465,outrage,HistorianUSA1,LetsGoBFLO,"A woke USAF Technical Sgt. assigned to NATO made a video undermining the United States, our military operation in Venezuela, calling the Commander-in-Chief “Cheeto,”and saying she must apologize to 20 nations on his behalf over Iran. Does the Sec of War know about this outrage? https://t.co/HkEJzY3ol9",Mon Mar 02 15:50:39 +0000 2026,15239,6426,3946,cancellation_search
2029520360622690534,outrage,CNEWS,CNEWS,"«Personne ne veut se battre pour Israël» : à Washington, un vétéran de la marine américaine expulsé du Sénat pour outrage (vidéo) https://t.co/1yA2lvsQI0",Thu Mar 05 11:32:15 +0000 2026,57,23,33,cancellation_search
2028363401546903613,outrage,kiyahwillis,Kiyah Willis,The NAACP should be embarrassed. There’s no reason for the performative outrage over something they know wasn’t intentional https://t.co/ayCLX3A8l4,Mon Mar 02 06:54:54 +0000 2026,8011,822,527,cancellation_search
2029967824064762142,outrage,gankitca,सी॰ए॰ अंकित गुप्ता 🇮🇳,"Good Evening 📍Madurai, Tamil Nadu: Disturbing CCTV visuals show a woman harming several puppies, with two puppies losing their lives. The video has triggered outrage online.

U can be a Not Dog Lover but u can’t be this cruel 
Punishment needed
#INDvENG #IranWar 

 #EpsteinOfCU https://t.co/vJ7BFOUoTv",Fri Mar 06 17:10:18 +0000 2026,8,4,1,cancellation_search
2030351652566581362,outrage,DerrickEvans4WV,Derrick Evans,"🚨 VIRAL CLIP: A Subway worker is filmed preparing tuna and dropping it on the floor before putting it back in the bowl and serving it into containers, sparking outrage online.
https://t.co/1ICVDxq23B",Sat Mar 07 18:35:30 +0000 2026,279,222,154,cancellation_search
2027776273624568129,outrage,NazaninBoniadi,Nazanin Boniadi,"For 47 years, the people of Iran have yearned for justice, freedom, peace, and prosperity—and have paid for it with their blood.

If your outrage at Iranian lives lost began only today, but you were silent as the regime slaughtered thousands of its own people in recent weeks,",Sat Feb 28 16:01:52 +0000 2026,3319,867,0,cancellation_search
2029985316514275732,outrage,realMaalouf,Dr. Maalouf ‏,"Jean Messiha to a hijabi woman on French TV:

""You're not French, you have an Arab head!""

Don't say you're French when you're dressed as an 8th-century Bedouin like you are!""

Outrage in the studio.

https://t.co/m9wn9dA1Pd",Fri Mar 06 18:19:49 +0000 2026,34110,3482,355,cancellation_search
2029926483351769302,outrage,YSLONIKA,welp.,"no viral hate tweets
no articles dragging him
no outrage from football fans
TMZ not interviewing anyone about this 

once again, twitter warriors has proven themselves to be a bunch of hypocrites who pick and chose who to hold accountable.",Fri Mar 06 14:26:02 +0000 2026,5994,911,80,cancellation_search
2028537554883023257,outrage,visegrad24,Visegrád 24,"Iran’s still‑serving President Mazud Pezeshkian has expressed outrage over an alleged attack on a hospital.

A month ago, Islamic security forces stormed city hospitals searching for anti-regime protesters, and brutally murdered even those already severely wounded. https://t.co/6afQ0siWmq",Mon Mar 02 18:26:56 +0000 2026,8223,2143,142,cancellation_search
2029909968715956244,outrage,TrustDML,Dennis Michael Lynch,"Congress = evil &amp; fraud: Tim Tebow just exposed 338k solicitors of the worst child P0RN, but not a word of outrage from Epstein File warriors. Next, Rep Nancy Mace motions to obtain Ilhan Omar’s immigration docs, GOP rejects motion. Congress is good at 1 thing: stock picking https://t.co/RQtc3IvNoH",Fri Mar 06 13:20:25 +0000 2026,4974,2098,208,cancellation_search
2029778741036298485,outrage,GPX_News,GPX News,🚨 Damn the world for ignoring this event! The outrage is real. 🌍🔥 https://t.co/urv0O7mDXi,Fri Mar 06 04:38:57 +0000 2026,15,2,1,cancellation_search
2027806942396035081,outrage,timburchett,Tim Burchett,Save me your outrage. Obama bombed 8 countries without Congress approval and Clinton bombed an aspirin factory to cover up his affair.,Sat Feb 28 18:03:44 +0000 2026,114401,23708,7245,cancellation_search
2029055833917501750,outrage,OunkaOnX,Ounka,"A mother in Qaryut bids farewell to two sons- Mohammed and Fahim-killed by armed Israeli settlers

Qaryut joins the long list of villages where ethnic cleansing happens quietly, without headlines, without outrage https://t.co/zgLS7mWS4b",Wed Mar 04 04:46:23 +0000 2026,3254,1576,33,cancellation_search
2029074360808747389,outrage,coinbureau,Coin Bureau,"🛑 POLYMARKET CANCELLED NUCLEAR DETONATION BETTING MARKET

Polymarket has shut down its “nuclear detonation by...?” prediction market due to public outrage over the idea of betting on such a serious event. https://t.co/hS8j3UvaQl",Wed Mar 04 06:00:00 +0000 2026,343,44,62,cancellation_search
2030038391438332393,outrage,AzatAlsalim,Azat,"French journalist Jean Messiha completely destroys a veiled woman:

🧕🏼 ""You're not French, you have an Arab head!""

👨🏻 ""Pardon? Don't say you're French when you're dressed up as an 8th-century Bedouin like you are!""

Outrage in the studio! 🥊

 https://t.co/5mNrSc2cvM",Fri Mar 06 21:50:43 +0000 2026,4623,513,23,cancellation_search
2029649079865856135,outrage,_rathbone,Rathbone,"Let me get this straight: after a CIA briefing of the Iran war 48hrs ago, senators publicly expressed outrage for the operation, citing that it wasn’t congressionally approved.

Then a day later they decided to congressionally approve it.",Thu Mar 05 20:03:44 +0000 2026,11720,1396,117,cancellation_search
2028718314961379764,outrage,INCKerala,Congress Kerala,"They made an entire film pushing a fictitious narrative that people in Kerala are being force-fed beef.

Now in Haryana, a cow is allegedly force-fed alcohol. Absolute silence.

No outrage from the self-appointed “Modi Bhakts” brigade. No statement from the RSS. No prime-time https://t.co/BbSPbuOXDh",Tue Mar 03 06:25:12 +0000 2026,10093,2511,314,cancellation_search
2029708915773149274,offensive,Raiders,Las Vegas Raiders,"With the second-most cap space in the NFL, the Silver &amp; Black have boxes to check when the new league year begins next week ⤵️

https://t.co/4ZAhEN5tfj",Fri Mar 06 00:01:30 +0000 2026,118,18,13,cancellation_search
2028887650862518539,offensive,Saints,New Orleans Saints,Will Clapp has been hired as an offensive assistant on the New Orleans Saints coaching staff 👏 https://t.co/HpftDmoXQu,Tue Mar 03 17:38:05 +0000 2026,14454,763,178,cancellation_search
2029918726582145124,offensive,big_mike9169,Big Mike,"The Browns will be making a trade today, per my sources. 

Look for them to land another offensive lineman or a wide receiver. https://t.co/QQrZKDK9St",Fri Mar 06 13:55:13 +0000 2026,222,13,46,cancellation_search
2030300421940797691,offensive,hackinarticles,Hacking Articles,"🚀 OSEP Exam Practice Training (Online) – Registration Open!

Ready to level up your Offensive Security &amp; Red Team skills?

Join Ignite Technologies’ CTF-Based OSEP Practice Program and train in a real-world attack simulation environment designed for serious cybersecurity https://t.co/CjzkzbRC2G",Sat Mar 07 15:11:56 +0000 2026,33,3,1,cancellation_search
2030003818403090487,offensive,bearszn,Bearsszn,If this actually ends up being the Bears offensive line for 2026 sign me UP https://t.co/Z9S5UVE0wQ,Fri Mar 06 19:33:20 +0000 2026,573,9,0,cancellation_search
2029597752875724925,offensive,hbtCHIEFS,HBTC,"This is so tiring.

4 of the 5 pieces along the line are solidified for years to come.

The Chiefs lost FOUR tackles to injuries last year. No line will look good if that happens. They've invested a TON of resources into the offensive line.

Get a dynamic WR, RB or pass rusher.",Thu Mar 05 16:39:47 +0000 2026,486,39,47,cancellation_search
2029708787876020576,offensive,CNN,CNN,"Everyone is watching to see whether Kurdish fighters will launch a ground offensive into western Iran.

So, who are the Kurds?

Read more: https://t.co/mxyHmh3cIZ https://t.co/N6DASJQS6F",Fri Mar 06 00:00:59 +0000 2026,2720,664,674,cancellation_search
2029939019694620963,offensive,TheBuckeyeNut,The Buckeye Nut,"Former Pittsburgh Steelers offensive line assistant Mateo Kambui is heading to Columbus to reunite with Arthur Smith.

It’s another addition bringing valuable NFL experience to the offensive line room.",Fri Mar 06 15:15:51 +0000 2026,390,16,2,cancellation_search
2029696203223347224,offensive,MontanaGrizFB,Montana Griz Football,"Griz great @daltonsneed returns to Missoula as an offensive assistant 👏

📰 https://t.co/cNAGsNJRhK

#GoGriz x #TheFamilyYouChoose https://t.co/fhlug0Gx85",Thu Mar 05 23:10:59 +0000 2026,277,21,16,cancellation_search
2029572960642637955,offensive,tracegirouard48,Trizzy Trace,We’re drafting another offensive lineman aren’t we…,Thu Mar 05 15:01:16 +0000 2026,162,2,33,cancellation_search
1041401463745011713,offensive,iamcardib,Cardi B,It's come to my attention that there have been offensive posts made on what used to be my Facebook page. For the past year and a half a FORMER team member has been the only one with access to the account.,Sun Sep 16 19:00:31 +0000 2018,48643,4610,2115,cancellation_search
2029962669097095494,offensive,TitleTalkTCL,TCL,"Random picture of the day:

Jabar Gaffney hauls in a TD pass from Tom Brady on New England's final Offensive play of the game against the Baltimore Ravens in 2007 to help the Patriots reach a 12-0 record. https://t.co/GO6HysDfP2",Fri Mar 06 16:49:49 +0000 2026,259,16,6,cancellation_search
2028545794320592986,offensive,LizaRosen0000,Liza Rosen,"https://t.co/Gbxtz9PkHU
She wanted to be nice and welcoming to the Muslims flooding her hometown. She even bought a book about their Sharia culture and laws to avoid being rude or offensive.

Watch her outrage when she discovers what these Muslim migrants seek to impose on her",Mon Mar 02 18:59:40 +0000 2026,3259,1304,68,cancellation_search
2030157267945877924,offensive,LukaUpdates,Luka Updates,"Luka offensive game is obviously impressive, but his defensive game has improved lately. Just watch games 👀 https://t.co/F44JjKRqLC",Sat Mar 07 05:43:05 +0000 2026,256,27,2,cancellation_search
2029585621413490774,offensive,SirGlavan_,Jayden™,I would really want to know who looked at the middle finger and said damn this shit looks offensive😂,Thu Mar 05 15:51:34 +0000 2026,190,26,4,cancellation_search
2029702613982146901,offensive,Hoops_Companion,Hoops Companion 🏀 Resources for Coaches,"SCORE - A simple framework for building your offensive identity 

Comment SCORE to get more info on the framework, a fillable Google Doc worksheet, and access to the HC3 on Skool community! https://t.co/En2sDGjLWz",Thu Mar 05 23:36:27 +0000 2026,108,9,45,cancellation_search
2029651496267125094,offensive,rarerookies,Rare Rookies,"Top Offensive Ratings for Kentucky guards since 2008 via Torvik. 

Collin Chandler at #7 and Denzel Aberdeen at #12. https://t.co/uaooOEES5B",Thu Mar 05 20:13:20 +0000 2026,169,6,6,cancellation_search
2029952618588418483,offensive,TopTierND,Top Tier Notre Dame,Throwback to when Notre Dame led 21-0 without running a single offensive snap https://t.co/W1y0wzmEEO,Fri Mar 06 16:09:53 +0000 2026,668,32,9,cancellation_search
2029268323217682437,offensive,cnni,CNN International,"CNN's Clarissa Ward spoke with a senior Kurdish Regional Government official in Erbil, Iraq, who said they are '""really frightened"" about possible retaliatory strikes by Tehran, if their territory is used as a launch pad for a potential ground offensive into Western Iran.

Read https://t.co/C2PgXeKKpx",Wed Mar 04 18:50:44 +0000 2026,341,117,104,cancellation_search
