name,domain,tweets_count
#uk07rider,Only on X · Trending,
Wrexham,Football · Trending,
#anuragdobhal,Only on X · Trending,
Ferran,Football · Trending,
#8March_Ramleela_Maidan,Trending,
Dubai Marina,Only on X · Trending,
Tosin,Football · Trending,
#ด้วงกับเธอEP6,Only on X · Trending,
President,Politics · Trending,
DUANG WITH YOU EP6,Only on X · Trending,
#डॉBRअंबेडकरजी_की_बड़ी_भूल,Trending,
Casado,Football · Trending,
अनुराग डोभाल,Trending,
Badiashile,Football · Trending,
Factful Debates YtChannel,Trending,
Olmo,Football · Trending,
Neto,Football · Trending,
Bengal,Politics · Trending,
Tarun,Trending,
गौतम बुद्ध,Trending,
रामलीला मैदान,Events · Trending,
पश्चिम बंगाल,Trending,
Lakshya Sen,Trending,
Baghdad,Only on X · Trending,
भीमराव अंबेडकर,Trending,
Qeshm Island,Trending,
Instagram Live,Trending,
️Watch Full,Trending,
दिल्ली पुलिस,Politics · Trending,
Zayed Al Nahyan,Politics · Trending,
