name,domain,tweets_count,category,source
#uk07rider,Only on X · Trending,,trending,trending
Wrexham,Football · Trending,,trending,trending
#anuragdobhal,Only on X · Trending,,trending,trending
Ferran,Football · Trending,,trending,trending
#8March_Ramleela_Maidan,Trending,,trending,trending
Dubai Marina,Only on X · Trending,,trending,trending
Tosin,Football · Trending,,trending,trending
#ด้วงกับเธอEP6,Only on X · Trending,,trending,trending
Casado,Football · Trending,,trending,trending
President,Politics · Trending,,trending,trending
DUANG WITH YOU EP6,Only on X · Trending,,trending,trending
#InternationalWomensDay,Trending,,trending,trending
अनुराग डोभाल,Trending,,trending,trending
Badiashile,Football · Trending,,trending,trending
Factful Debates YtChannel,Trending,,trending,trending
Olmo,Football · Trending,,trending,trending
Neto,Football · Trending,,trending,trending
Bengal,Politics · Trending,,trending,trending
Tarun,Trending,,trending,trending
गौतम बुद्ध,Trending,,trending,trending
पश्चिम बंगाल,Trending,,trending,trending
रामलीला मैदान,Events · Trending,,trending,trending
Lakshya Sen,Trending,,trending,trending
Baghdad,Only on X · Trending,,trending,trending
भीमराव अंबेडकर,Trending,,trending,trending
Qeshm Island,Trending,,trending,trending
Instagram Live,Trending,,trending,trending
️Watch Full,Trending,,trending,trending
अंतर्राष्ट्रीय महिला,Trending,,trending,trending
Zayed Al Nahyan,Politics · Trending,,trending,trending
